Id,Labelpred,label0rg
00001,4,4
00002,0,0
00003,3,3
00004,3,3
00005,1,1
00006,6,6
00007,4,4
00008,0,0
00009,1,0
00010,1,1
00011,6,6
00012,3,3
00013,2,2
00014,0,0
00015,4,4
00016,3,3
00017,0,0
00018,0,0
00019,3,3
00020,4,4
00021,0,0
00022,3,3
00023,3,3
00024,5,5
00025,0,0
00026,0,0
00027,0,0
00028,5,5
00029,0,0
00030,4,4
00031,2,2
00032,2,2
00033,2,2
00034,0,0
00035,1,1
00036,0,0
00037,2,2
00038,0,0
00039,2,2
00040,1,1
00041,0,0
00042,2,2
00043,0,0
00044,4,4
00045,2,2
00046,0,0
00047,3,3
00048,0,0
00049,4,4
00050,0,0
00051,4,4
00052,2,2
00053,5,5
00054,2,2
00055,2,2
00056,3,3
00057,3,3
00058,4,4
00059,0,0
00060,2,2
00061,5,5
00062,1,1
00063,0,0
00064,4,4
00065,6,6
00066,4,4
00067,6,6
00068,0,0
00069,4,4
00070,4,4
00071,3,3
00072,0,0
00073,4,4
00074,3,3
00075,1,1
00076,6,6
00077,2,2
00078,6,6
00079,0,0
00080,3,3
00081,0,0
00082,1,1
00083,2,2
00084,4,4
00085,3,3
00086,4,4
00087,1,1
00088,5,5
00089,3,3
00090,2,2
00091,1,1
00092,0,0
00093,3,3
00094,6,6
00095,1,1
00096,2,2
00097,3,1
00098,3,3
00099,2,2
00100,4,4
00101,3,3
00102,0,0
00103,3,3
00104,3,3
00105,2,2
00106,2,2
00107,0,0
00108,0,0
00109,1,1
00110,3,3
00111,0,0
00112,3,3
00113,4,4
00114,1,1
00115,2,2
00116,5,6
00117,0,0
00118,1,1
00119,2,2
00120,1,1
00121,0,0
00122,4,4
00123,4,4
00124,4,4
00125,0,0
00126,5,5
00127,4,4
00128,1,1
00129,4,4
00130,5,5
00131,3,3
00132,1,1
00133,3,3
00134,3,3
00135,3,3
00136,1,1
00137,4,4
00138,3,3
00139,0,0
00140,4,4
00141,0,0
00142,1,3
00143,4,4
00144,4,4
00145,1,1
00146,2,0
00147,3,3
00148,1,1
00149,0,0
00150,0,0
00151,1,1
00152,0,0
00153,0,0
00154,1,1
00155,0,0
00156,2,2
00157,2,2
00158,4,4
00159,6,6
00160,1,1
00161,2,2
00162,1,1
00163,1,1
00164,3,3
00165,2,2
00166,2,2
00167,0,0
00168,3,3
00169,2,2
00170,4,4
00171,2,2
00172,4,4
00173,0,0
00174,0,0
00175,4,4
00176,5,5
00177,2,2
00178,6,6
00179,0,0
00180,4,4
00181,5,5
00182,1,1
00183,1,1
00184,0,0
00185,2,2
00186,4,4
00187,6,6
00188,3,3
00189,6,6
00190,6,6
00191,2,2
00192,5,5
00193,1,1
00194,2,3
00195,1,1
00196,3,3
00197,0,0
00198,2,2
00199,1,1
00200,3,3
00201,2,2
00202,0,0
00203,1,1
00204,1,1
00205,3,3
00206,0,0
00207,6,5
00208,0,0
00209,0,0
00210,1,1
00211,5,5
00212,4,4
00213,3,3
00214,2,2
00215,2,2
00216,2,2
00217,3,3
00218,4,4
00219,4,4
00220,3,3
00221,3,3
00222,1,1
00223,0,0
00224,2,2
00225,4,4
00226,1,1
00227,4,4
00228,0,0
00229,2,2
00230,6,6
00231,1,1
00232,4,4
00233,6,6
00234,2,2
00235,6,6
00236,0,0
00237,2,2
00238,2,2
00239,4,4
00240,0,0
00241,1,1
00242,1,1
00243,1,1
00244,3,3
00245,2,2
00246,0,0
00247,4,4
00248,3,3
00249,0,0
00250,0,0
00251,4,4
00252,2,2
00253,3,2
00254,4,4
00255,3,3
00256,1,1
00257,0,0
00258,0,0
00259,3,3
00260,6,6
00261,0,0
00262,0,0
00263,0,0
00264,5,5
00265,0,0
00266,3,3
00267,4,4
00268,2,2
00269,6,6
00270,4,4
00271,1,1
00272,3,3
00273,0,0
00274,4,4
00275,4,4
00276,0,0
00277,4,4
00278,4,4
00279,3,3
00280,2,2
00281,1,1
00282,4,4
00283,1,1
00284,0,0
00285,0,0
00286,4,4
00287,2,2
00288,2,2
00289,3,3
00290,2,2
00291,5,5
00292,0,0
00293,2,2
00294,1,1
00295,4,4
00296,0,0
00297,3,3
00298,0,0
00299,3,3
00300,1,1
00301,6,6
00302,6,6
00303,1,1
00304,4,4
00305,0,0
00306,0,0
00307,3,3
00308,3,3
00309,0,0
00310,2,2
00311,1,1
00312,1,1
00313,0,0
00314,1,1
00315,3,3
00316,3,3
00317,4,4
00318,6,6
00319,1,1
00320,4,4
00321,0,0
00322,6,3
00323,4,4
00324,1,1
00325,1,1
00326,1,1
00327,4,4
00328,3,3
00329,1,1
00330,0,0
00331,4,4
00332,3,3
00333,3,3
00334,2,2
00335,1,1
00336,1,1
00337,5,5
00338,6,6
00339,3,3
00340,1,1
00341,2,2
00342,4,4
00343,3,3
00344,4,4
00345,0,0
00346,1,1
00347,1,1
00348,3,3
00349,3,3
00350,5,3
00351,0,0
00352,2,2
00353,5,5
00354,4,4
00355,5,6
00356,4,4
00357,0,0
00358,2,2
00359,4,4
00360,0,0
00361,4,4
00362,5,5
00363,2,2
00364,4,4
00365,1,1
00366,4,4
00367,2,2
00368,2,2
00369,6,6
00370,0,0
00371,3,3
00372,0,0
00373,1,1
00374,1,1
00375,0,0
00376,4,4
00377,6,6
00378,4,4
00379,3,3
00380,4,4
00381,0,0
00382,3,3
00383,0,0
00384,0,0
00385,1,1
00386,3,3
00387,2,2
00388,4,4
00389,0,0
00390,1,1
00391,3,3
00392,2,3
00393,2,2
00394,0,0
00395,4,4
00396,0,0
00397,6,3
00398,0,0
00399,0,0
00400,4,4
00401,1,1
00402,4,4
00403,2,2
00404,1,1
00405,2,2
00406,1,1
00407,0,0
00408,1,1
00409,3,3
00410,3,3
00411,1,1
00412,2,2
00413,0,0
00414,1,1
00415,0,0
00416,1,1
00417,6,6
00418,1,1
00419,1,1
00420,3,3
00421,4,4
00422,2,2
00423,1,0
00424,3,3
00425,1,1
00426,2,2
00427,1,1
00428,4,4
00429,0,0
00430,6,6
00431,4,4
00432,2,2
00433,2,2
00434,3,3
00435,2,2
00436,4,4
00437,0,0
00438,2,2
00439,3,3
00440,2,2
00441,0,0
00442,1,1
00443,4,4
00444,2,2
00445,4,4
00446,0,0
00447,4,4
00448,4,4
00449,2,2
00450,3,3
00451,2,2
00452,1,1
00453,4,4
00454,1,1
00455,4,4
00456,4,4
00457,2,2
00458,3,3
00459,2,2
00460,2,2
00461,0,3
00462,3,3
00463,1,1
00464,2,2
00465,0,0
00466,4,4
00467,1,1
00468,3,3
00469,0,0
00470,3,3
00471,3,3
00472,1,1
00473,0,0
00474,4,4
00475,2,2
00476,2,2
00477,4,4
00478,3,3
00479,0,0
00480,4,4
00481,6,6
00482,2,2
00483,1,1
00484,3,3
00485,6,6
00486,3,3
00487,1,1
00488,3,3
00489,3,2
00490,2,2
00491,3,3
00492,1,1
00493,2,2
00494,0,0
00495,2,3
00496,1,1
00497,0,0
00498,4,4
00499,1,1
00500,0,0
00501,1,1
00502,1,1
00503,1,1
00504,3,3
00505,4,4
00506,1,1
00507,1,1
00508,6,6
00509,1,1
00510,2,2
00511,6,6
00512,1,1
00513,1,1
00514,4,4
00515,1,1
00516,5,6
00517,2,2
00518,5,5
00519,2,3
00520,6,6
00521,2,2
00522,0,0
00523,3,3
00524,2,2
00525,4,4
00526,2,2
00527,4,4
00528,4,4
00529,4,4
00530,3,3
00531,3,3
00532,3,3
00533,0,0
00534,0,0
00535,2,2
00536,2,2
00537,1,1
00538,3,3
00539,2,2
00540,3,3
00541,5,5
00542,2,2
00543,4,4
00544,1,1
00545,6,6
00546,2,2
00547,0,0
00548,0,0
00549,1,1
00550,5,5
00551,2,2
00552,5,6
00553,3,3
00554,2,6
00555,5,5
00556,0,0
00557,4,4
00558,1,1
00559,5,5
00560,0,0
00561,3,3
00562,0,0
00563,4,4
00564,2,3
00565,0,0
00566,1,1
00567,4,4
00568,3,3
00569,3,3
00570,6,6
00571,0,0
00572,3,3
00573,0,0
00574,3,3
00575,0,0
00576,3,3
00577,2,2
00578,6,6
00579,3,3
00580,2,2
00581,5,5
00582,3,3
00583,3,3
00584,6,6
00585,2,2
00586,3,3
00587,0,0
00588,6,6
00589,3,3
00590,2,2
00591,1,1
00592,0,0
00593,0,0
00594,6,6
00595,1,1
00596,2,2
00597,3,3
00598,3,3
00599,1,1
00600,1,1
00601,1,1
00602,3,3
00603,0,0
00604,4,4
00605,0,0
00606,6,6
00607,0,0
00608,0,0
00609,0,0
00610,4,4
00611,2,2
00612,4,4
00613,3,3
00614,1,1
00615,3,3
00616,4,4
00617,1,1
00618,1,1
00619,2,2
00620,4,4
00621,2,2
00622,5,5
00623,1,1
00624,0,0
00625,0,0
00626,3,3
00627,0,0
00628,2,2
00629,4,4
00630,2,2
00631,3,3
00632,6,6
00633,0,0
00634,3,3
00635,1,1
00636,5,5
00637,3,3
00638,0,0
00639,4,2
00640,0,0
00641,6,6
00642,1,1
00643,3,3
00644,5,6
00645,3,3
00646,0,0
00647,4,4
00648,4,4
00649,4,4
00650,1,1
00651,0,0
00652,3,3
00653,6,6
00654,1,4
00655,4,4
00656,2,2
00657,3,3
00658,0,0
00659,1,1
00660,3,3
00661,6,6
00662,0,0
00663,1,1
00664,3,3
00665,1,1
00666,0,0
00667,1,1
00668,2,2
00669,2,2
00670,4,4
00671,5,2
00672,6,6
00673,4,4
00674,6,6
00675,3,3
00676,0,0
00677,1,1
00678,2,2
00679,6,6
00680,0,0
00681,2,2
00682,0,0
00683,1,1
00684,2,3
00685,2,2
00686,4,4
00687,6,6
00688,3,3
00689,4,4
00690,4,4
00691,2,2
00692,1,1
00693,4,4
00694,4,4
00695,4,4
00696,0,0
00697,2,2
00698,4,4
00699,0,0
00700,2,2
00701,5,5
00702,3,3
00703,5,5
00704,4,4
00705,3,3
00706,0,0
00707,2,2
00708,2,2
00709,6,6
00710,4,4
00711,3,3
00712,6,6
00713,2,2
00714,1,1
00715,1,1
00716,1,1
00717,4,4
00718,0,0
00719,2,2
00720,0,0
00721,1,1
00722,2,2
00723,3,3
00724,3,3
00725,2,2
00726,0,0
00727,2,2
00728,3,3
00729,2,2
00730,1,1
00731,1,1
00732,3,3
00733,0,0
00734,1,1
00735,0,0
00736,2,2
00737,0,0
00738,2,2
00739,3,3
00740,0,0
00741,4,4
00742,1,1
00743,3,3
00744,3,3
00745,2,2
00746,2,2
00747,6,6
00748,5,5
00749,0,0
00750,3,3
00751,3,3
00752,2,2
00753,0,0
00754,3,3
00755,0,0
00756,0,0
00757,3,3
00758,5,5
00759,2,2
00760,1,1
00761,2,2
00762,2,2
00763,5,5
00764,1,1
00765,3,3
00766,2,2
00767,0,0
00768,3,3
00769,0,0
00770,2,3
00771,2,2
00772,3,3
00773,4,4
00774,2,2
00775,3,3
00776,3,3
00777,6,6
00778,2,2
00779,1,1
00780,4,4
00781,0,0
00782,1,1
00783,1,1
00784,2,2
00785,1,1
00786,4,4
00787,3,3
00788,4,4
00789,4,4
00790,1,1
00791,1,1
00792,2,2
00793,2,2
00794,4,4
00795,0,0
00796,4,4
00797,1,1
00798,1,1
00799,0,0
00800,2,2
00801,0,0
00802,0,0
00803,3,3
00804,0,0
00805,3,3
00806,4,4
00807,4,4
00808,3,3
00809,3,3
00810,4,4
00811,6,6
00812,4,4
00813,0,0
00814,2,2
00815,6,6
00816,1,1
00817,5,5
00818,0,0
00819,2,2
00820,1,1
00821,0,0
00822,2,2
00823,5,5
00824,1,1
00825,6,6
00826,0,0
00827,5,5
00828,3,3
00829,4,4
00830,1,1
00831,3,3
00832,4,4
00833,0,0
00834,2,2
00835,3,3
00836,2,2
00837,1,1
00838,2,3
00839,4,4
00840,1,1
00841,1,1
00842,3,3
00843,4,4
00844,2,2
00845,1,1
00846,0,0
00847,2,2
00848,4,4
00849,2,2
00850,5,5
00851,2,2
00852,4,4
00853,1,1
00854,3,3
00855,2,2
00856,4,4
00857,3,3
00858,4,4
00859,4,4
00860,2,2
00861,3,3
00862,3,3
00863,4,4
00864,2,2
00865,4,4
00866,0,0
00867,3,3
00868,3,3
00869,3,3
00870,3,3
00871,2,2
00872,2,2
00873,0,0
00874,3,3
00875,1,1
00876,2,2
00877,2,2
00878,3,3
00879,1,1
00880,4,4
00881,3,3
00882,6,6
00883,0,0
00884,0,0
00885,4,4
00886,1,1
00887,2,2
00888,2,2
00889,4,4
00890,6,6
00891,1,1
00892,3,3
00893,1,1
00894,1,1
00895,0,0
00896,4,4
00897,5,5
00898,1,1
00899,2,2
00900,2,2
00901,0,0
00902,2,2
00903,4,4
00904,3,3
00905,0,0
00906,4,4
00907,0,0
00908,4,4
00909,4,4
00910,1,1
00911,4,4
00912,0,0
00913,3,3
00914,2,2
00915,4,4
00916,2,2
00917,2,2
00918,1,1
00919,2,2
00920,4,4
00921,2,2
00922,0,0
00923,4,4
00924,4,4
00925,0,0
00926,6,6
00927,0,0
00928,0,0
00929,6,6
00930,3,3
00931,3,3
00932,3,3
00933,4,4
00934,2,2
00935,2,2
00936,2,2
00937,3,3
00938,0,0
00939,1,1
00940,2,2
00941,1,1
00942,5,0
00943,1,1
00944,0,0
00945,3,3
00946,3,3
00947,3,3
00948,4,4
00949,2,2
00950,0,0
00951,0,0
00952,3,3
00953,0,0
00954,2,2
00955,0,0
00956,1,1
00957,0,0
00958,1,1
00959,2,2
00960,6,6
00961,3,3
00962,6,6
00963,1,1
00964,0,0
00965,0,0
00966,2,2
00967,0,0
00968,1,1
00969,6,6
00970,6,6
00971,2,2
00972,5,5
00973,3,3
00974,0,0
00975,2,2
00976,5,5
00977,0,0
00978,6,6
00979,1,1
00980,1,1
00981,4,4
00982,0,0
00983,6,6
00984,2,2
00985,4,4
00986,0,0
00987,0,0
00988,1,1
00989,0,0
00990,0,0
00991,4,4
00992,6,6
00993,2,2
00994,1,1
00995,4,4
00996,1,1
00997,2,2
00998,5,2
00999,2,2
01000,0,0
01001,5,5
01002,4,4
01003,5,5
01004,3,3
01005,1,1
01006,1,1
01007,2,2
01008,0,0
01009,1,1
01010,2,2
01011,1,1
01012,4,4
01013,1,1
01014,2,2
01015,0,0
01016,0,0
01017,1,1
01018,5,5
01019,5,5
01020,0,0
01021,4,4
01022,4,4
01023,3,3
01024,2,2
01025,3,3
01026,4,4
01027,3,3
01028,2,3
01029,5,5
01030,2,2
01031,4,4
01032,2,2
01033,3,3
01034,0,0
01035,0,0
01036,0,0
01037,4,4
01038,5,3
01039,4,4
01040,2,2
01041,1,1
01042,3,3
01043,2,2
01044,4,4
01045,0,0
01046,3,3
01047,0,0
01048,4,4
01049,1,1
01050,4,4
01051,3,3
01052,1,1
01053,0,0
01054,4,4
01055,2,2
01056,2,2
01057,1,1
01058,3,3
01059,2,2
01060,6,6
01061,4,4
01062,1,1
01063,4,4
01064,4,4
01065,4,4
01066,3,3
01067,4,4
01068,1,1
01069,0,0
01070,2,2
01071,4,4
01072,6,6
01073,3,3
01074,2,2
01075,2,2
01076,4,4
01077,5,5
01078,2,2
01079,4,4
01080,1,1
01081,3,3
01082,3,3
01083,4,4
01084,0,0
01085,2,2
01086,0,0
01087,1,1
01088,0,0
01089,0,0
01090,0,0
01091,0,0
01092,4,4
01093,3,3
01094,4,4
01095,4,4
01096,3,3
01097,6,6
01098,0,0
01099,2,2
01100,4,4
01101,4,4
01102,6,6
01103,1,1
01104,2,2
01105,3,3
01106,4,4
01107,2,2
01108,2,2
01109,5,5
01110,4,4
01111,1,1
01112,3,3
01113,2,2
01114,4,4
01115,6,6
01116,2,2
01117,0,0
01118,6,6
01119,3,3
01120,3,3
01121,3,3
01122,3,3
01123,2,2
01124,4,4
01125,1,1
01126,2,2
01127,2,2
01128,3,3
01129,3,3
01130,0,0
01131,4,4
01132,2,2
01133,0,0
01134,3,3
01135,1,1
01136,3,3
01137,0,0
01138,1,1
01139,0,0
01140,4,4
01141,4,4
01142,2,2
01143,4,4
01144,3,3
01145,0,0
01146,3,3
01147,4,4
01148,4,4
01149,5,5
01150,4,4
01151,2,2
01152,3,3
01153,0,0
01154,2,2
01155,2,2
01156,2,2
01157,0,0
01158,4,4
01159,6,6
01160,2,2
01161,3,3
01162,1,1
01163,4,4
01164,1,1
01165,1,1
01166,0,0
01167,4,4
01168,3,3
01169,1,1
01170,2,2
01171,4,4
01172,3,3
01173,6,6
01174,4,4
01175,3,3
01176,6,6
01177,4,4
01178,1,1
01179,4,4
01180,4,4
01181,2,2
01182,1,1
01183,3,3
01184,6,6
01185,1,1
01186,0,0
01187,2,0
01188,6,6
01189,3,3
01190,3,3
01191,4,4
01192,0,0
01193,0,0
01194,4,4
01195,0,0
01196,0,0
01197,3,3
01198,4,4
01199,2,2
01200,2,2
01201,2,2
01202,0,0
01203,2,2
01204,2,2
01205,4,4
01206,0,0
01207,4,4
01208,0,0
01209,0,0
01210,5,5
01211,5,5
01212,1,1
01213,1,1
01214,6,6
01215,2,2
01216,4,4
01217,1,1
01218,2,2
01219,3,3
01220,2,2
01221,0,0
01222,1,1
01223,2,2
01224,3,3
01225,5,5
01226,3,3
01227,0,0
01228,2,2
01229,2,2
01230,2,2
01231,3,3
01232,0,0
01233,1,1
01234,3,3
01235,2,2
01236,4,4
01237,1,1
01238,0,0
01239,1,1
01240,4,4
01241,5,5
01242,2,2
01243,1,1
01244,0,0
01245,1,1
01246,4,4
01247,0,0
01248,1,1
01249,0,0
01250,2,2
01251,2,2
01252,5,5
01253,4,4
01254,2,2
01255,1,1
01256,1,1
01257,1,1
01258,1,1
01259,1,1
01260,1,1
01261,2,2
01262,0,0
01263,5,5
01264,3,3
01265,3,3
01266,2,2
01267,6,6
01268,6,6
01269,2,2
01270,2,2
01271,3,3
01272,4,4
01273,3,3
01274,1,1
01275,3,3
01276,1,1
01277,2,2
01278,0,0
01279,3,3
01280,0,0
01281,0,0
01282,3,3
01283,5,5
01284,0,0
01285,2,2
01286,5,5
01287,1,1
01288,4,4
01289,3,3
01290,0,0
01291,3,3
01292,1,1
01293,1,1
01294,4,4
01295,4,4
01296,3,3
01297,2,2
01298,4,4
01299,2,2
01300,2,2
01301,6,6
01302,3,3
01303,3,3
01304,0,0
01305,3,3
01306,1,1
01307,2,2
01308,3,3
01309,6,6
01310,5,5
01311,3,3
01312,5,5
01313,1,1
01314,1,1
01315,5,5
01316,2,2
01317,0,0
01318,1,1
01319,2,2
01320,1,1
01321,4,4
01322,1,1
01323,1,1
01324,4,4
01325,2,2
01326,0,0
01327,4,4
01328,4,4
01329,4,4
01330,5,5
01331,0,0
01332,1,1
01333,1,1
01334,2,2
01335,4,4
01336,3,3
01337,1,1
01338,1,1
01339,4,4
01340,4,4
01341,2,2
01342,4,4
01343,4,4
01344,0,0
01345,6,6
01346,4,4
01347,3,3
01348,5,5
01349,4,4
01350,2,2
01351,0,0
01352,4,4
01353,3,3
01354,3,3
01355,1,1
01356,2,2
01357,2,2
01358,0,0
01359,4,4
01360,2,2
01361,4,4
01362,1,1
01363,3,3
01364,3,3
01365,0,0
01366,1,1
01367,1,1
01368,2,2
01369,4,4
01370,0,0
01371,2,2
01372,4,4
01373,0,0
01374,4,4
01375,0,0
01376,2,2
01377,6,6
01378,1,1
01379,1,1
01380,0,0
01381,2,2
01382,5,5
01383,2,2
01384,0,0
01385,4,4
01386,6,6
01387,0,0
01388,4,4
01389,4,4
01390,5,5
01391,3,3
01392,0,0
01393,4,4
01394,4,4
01395,1,1
01396,4,4
01397,2,2
01398,4,4
01399,2,2
01400,3,3
01401,0,0
01402,5,5
01403,4,4
01404,2,2
01405,0,0
01406,1,1
01407,5,5
01408,1,1
01409,4,4
01410,1,1
01411,3,0
01412,1,1
01413,3,3
01414,4,4
01415,1,0
01416,1,1
01417,6,6
01418,4,4
01419,1,1
01420,2,0
01421,1,1
01422,2,2
01423,3,3
01424,0,0
01425,1,1
01426,1,1
01427,2,2
01428,0,0
01429,6,6
01430,1,1
01431,2,3
01432,4,4
01433,1,1
01434,4,4
01435,2,2
01436,1,1
01437,3,3
01438,5,5
01439,5,5
01440,2,2
01441,4,4
01442,4,4
01443,2,2
01444,3,3
01445,0,0
01446,1,1
01447,3,3
01448,2,2
01449,1,1
01450,4,4
01451,3,3
01452,1,1
01453,0,0
01454,1,1
01455,2,2
01456,3,3
01457,4,4
01458,3,3
01459,1,1
01460,2,2
01461,3,3
01462,3,3
01463,5,5
01464,0,0
01465,1,1
01466,5,5
01467,1,1
01468,4,4
01469,4,4
01470,1,1
01471,3,3
01472,0,0
01473,1,1
01474,1,1
01475,0,0
01476,4,4
01477,0,0
01478,3,3
01479,1,1
01480,0,0
01481,6,6
01482,1,1
01483,1,1
01484,6,6
01485,0,0
01486,3,3
01487,1,1
01488,2,2
01489,3,3
01490,1,1
01491,1,1
01492,3,3
01493,2,2
01494,5,5
01495,3,3
01496,4,4
01497,1,1
01498,4,4
01499,0,0
01500,4,4
01501,4,4
01502,1,1
01503,1,1
01504,1,1
01505,1,1
01506,0,0
01507,6,6
01508,1,1
01509,6,6
01510,1,1
01511,2,2
01512,2,2
01513,0,0
01514,0,0
01515,1,1
01516,0,0
01517,0,0
01518,4,4
01519,1,1
01520,0,0
01521,4,4
01522,0,0
01523,4,4
01524,3,3
01525,4,4
01526,0,0
01527,3,3
01528,1,1
01529,2,2
01530,4,4
01531,2,2
01532,3,3
01533,2,2
01534,0,0
01535,1,1
01536,2,2
01537,2,2
01538,4,4
01539,0,0
01540,4,4
01541,0,0
01542,4,4
01543,0,0
01544,6,6
01545,0,0
01546,6,6
01547,3,3
01548,6,6
01549,1,1
01550,6,2
01551,3,3
01552,4,4
01553,4,4
01554,0,0
01555,4,4
01556,0,0
01557,2,2
01558,2,2
01559,4,4
01560,4,4
01561,1,1
01562,0,0
01563,0,0
01564,1,1
01565,1,1
01566,4,4
01567,3,3
01568,0,0
01569,2,2
01570,1,1
01571,3,3
01572,0,0
01573,0,0
01574,1,1
01575,2,2
01576,3,3
01577,1,1
01578,3,3
01579,3,3
01580,1,1
01581,6,6
01582,4,4
01583,5,5
01584,2,2
01585,5,5
01586,6,6
01587,6,6
01588,2,2
01589,4,4
01590,3,3
01591,6,6
01592,6,6
01593,1,1
01594,5,5
01595,6,6
01596,1,1
01597,4,4
01598,2,2
01599,5,5
01600,5,5
01601,4,4
01602,1,1
01603,3,3
01604,2,2
01605,1,1
01606,0,0
01607,4,4
01608,2,2
01609,3,3
01610,4,4
01611,1,1
01612,6,6
01613,3,3
01614,4,4
01615,0,0
01616,2,2
01617,4,4
01618,0,0
01619,4,4
01620,4,4
01621,1,1
01622,2,2
01623,2,2
01624,1,1
01625,3,3
01626,5,5
01627,6,6
01628,6,6
01629,2,2
01630,4,4
01631,0,0
01632,1,1
01633,3,3
01634,2,2
01635,4,4
01636,3,3
01637,2,2
01638,5,5
01639,5,5
01640,3,3
01641,1,1
01642,4,4
01643,2,2
01644,6,6
01645,1,1
01646,1,1
01647,2,2
01648,3,3
01649,0,0
01650,2,2
01651,4,4
01652,3,3
01653,0,0
01654,2,2
01655,3,3
01656,2,2
01657,1,1
01658,3,3
01659,0,0
01660,4,4
01661,0,0
01662,0,0
01663,3,3
01664,0,0
01665,2,2
01666,1,1
01667,2,2
01668,4,4
01669,0,0
01670,1,1
01671,3,3
01672,0,0
01673,1,1
01674,6,6
01675,0,0
01676,5,5
01677,2,2
01678,3,3
01679,1,1
01680,0,0
01681,1,1
01682,1,1
01683,3,3
01684,2,2
01685,4,4
01686,4,4
01687,2,2
01688,3,3
01689,6,6
01690,4,4
01691,2,2
01692,2,2
01693,0,0
01694,3,3
01695,6,6
01696,6,6
01697,4,4
01698,3,3
01699,2,2
01700,4,4
01701,6,6
01702,6,6
01703,2,2
01704,0,0
01705,4,4
01706,3,3
01707,1,1
01708,3,3
01709,2,2
01710,0,0
01711,1,1
01712,1,1
01713,1,1
01714,2,2
01715,3,3
01716,2,2
01717,3,3
01718,4,4
01719,2,2
01720,4,4
01721,2,2
01722,4,4
01723,2,2
01724,1,1
01725,3,3
01726,2,4
01727,1,1
01728,6,6
01729,0,0
01730,6,6
01731,6,6
01732,4,4
01733,2,2
01734,0,0
01735,4,4
01736,1,1
01737,0,0
01738,2,2
01739,4,4
01740,2,2
01741,4,4
01742,5,5
01743,3,3
01744,1,1
01745,0,0
01746,4,4
01747,2,2
01748,5,5
01749,4,4
01750,2,2
01751,1,1
01752,3,3
01753,3,3
01754,1,1
01755,2,2
01756,2,2
01757,1,1
01758,3,3
01759,4,4
01760,2,2
01761,0,0
01762,1,1
01763,5,5
01764,2,2
01765,6,6
01766,1,1
01767,2,2
01768,1,1
01769,1,1
01770,1,1
01771,2,2
01772,2,2
01773,0,0
01774,1,1
01775,1,1
01776,2,2
01777,3,3
01778,6,6
01779,3,3
01780,1,1
01781,0,0
01782,4,4
01783,2,2
01784,4,4
01785,3,3
01786,2,2
01787,1,1
01788,3,3
01789,4,4
01790,4,4
01791,4,4
01792,2,2
01793,0,0
01794,1,1
01795,1,1
01796,1,1
01797,3,3
01798,0,0
01799,3,3
01800,2,2
01801,0,0
01802,4,4
01803,2,2
01804,3,3
01805,1,1
01806,1,1
01807,4,4
01808,0,0
01809,1,1
01810,1,0
01811,4,4
01812,0,0
01813,4,4
01814,5,5
01815,6,6
01816,3,3
01817,2,2
01818,1,1
01819,2,2
01820,1,1
01821,2,2
01822,3,3
01823,2,2
01824,0,0
01825,2,2
01826,2,2
01827,0,0
01828,6,6
01829,6,6
01830,1,1
01831,1,1
01832,0,0
01833,5,5
01834,4,4
01835,1,0
01836,1,1
01837,1,1
01838,4,4
01839,2,2
01840,1,1
01841,3,3
01842,4,4
01843,1,1
01844,3,3
01845,6,6
01846,4,4
01847,4,4
01848,0,0
01849,0,0
01850,0,0
01851,2,2
01852,4,4
01853,4,4
01854,0,0
01855,0,0
01856,3,3
01857,1,1
01858,3,3
01859,2,2
01860,4,4
01861,0,0
01862,4,4
01863,5,5
01864,1,1
01865,4,4
01866,4,4
01867,3,3
01868,3,3
01869,6,6
01870,3,3
01871,4,4
01872,3,3
01873,0,0
01874,3,3
01875,2,2
01876,4,4
01877,4,4
01878,4,4
01879,0,0
01880,2,2
01881,0,0
01882,0,0
01883,4,4
01884,1,1
01885,2,2
01886,1,1
01887,6,6
01888,0,0
01889,2,2
01890,2,2
01891,1,1
01892,6,6
01893,2,2
01894,3,3
01895,3,3
01896,2,3
01897,2,3
01898,1,1
01899,4,4
01900,1,1
01901,4,4
01902,0,0
01903,2,2
01904,4,4
01905,0,2
01906,2,2
01907,4,4
01908,2,2
01909,2,2
01910,5,5
01911,4,4
01912,0,0
01913,3,3
01914,1,1
01915,0,0
01916,0,0
01917,2,2
01918,4,4
01919,4,4
01920,2,2
01921,1,1
01922,0,0
01923,6,6
01924,1,1
01925,3,3
01926,4,4
01927,3,3
01928,3,3
01929,2,2
01930,2,2
01931,4,4
01932,2,2
01933,6,6
01934,6,6
01935,2,2
01936,1,1
01937,0,0
01938,4,4
01939,2,2
01940,1,1
01941,2,2
01942,5,6
01943,2,2
01944,1,1
01945,0,0
01946,3,3
01947,0,0
01948,3,3
01949,0,0
01950,4,4
01951,0,0
01952,2,2
01953,4,4
01954,6,6
01955,1,1
01956,3,3
01957,3,3
01958,0,0
01959,4,4
01960,1,1
01961,1,1
01962,1,1
01963,1,1
01964,2,3
01965,4,4
01966,2,2
01967,1,1
01968,2,2
01969,5,5
01970,1,1
01971,3,3
01972,1,1
01973,4,4
01974,1,1
01975,3,3
01976,3,3
01977,0,0
01978,6,6
01979,0,0
01980,1,1
01981,2,2
01982,1,1
01983,2,2
01984,1,1
01985,1,1
01986,3,3
01987,0,0
01988,0,0
01989,6,6
01990,4,4
01991,3,3
01992,4,4
01993,4,4
01994,0,0
01995,1,1
01996,2,2
01997,1,1
01998,3,3
01999,1,1
02000,2,2
02001,0,0
02002,0,0
02003,2,2
02004,4,4
02005,2,2
02006,5,5
02007,0,0
02008,1,1
02009,4,4
02010,1,1
02011,3,3
02012,3,3
02013,2,2
02014,1,1
02015,0,0
02016,3,3
02017,0,0
02018,2,2
02019,4,4
02020,4,4
02021,4,4
02022,1,1
02023,4,4
02024,1,1
02025,3,3
02026,0,0
02027,5,5
02028,3,3
02029,1,1
02030,6,6
02031,2,2
02032,1,1
02033,0,0
02034,4,4
02035,4,4
02036,1,1
02037,4,4
02038,4,4
02039,1,1
02040,0,0
02041,3,3
02042,1,1
02043,6,6
02044,4,4
02045,1,1
02046,4,4
02047,0,0
02048,6,6
02049,1,1
02050,4,4
02051,4,4
02052,3,3
02053,1,1
02054,4,4
02055,2,2
02056,5,5
02057,2,2
02058,1,1
02059,2,2
02060,6,6
02061,2,2
02062,2,2
02063,0,0
02064,0,0
02065,4,4
02066,3,3
02067,1,1
02068,0,0
02069,2,2
02070,3,3
02071,2,2
02072,2,2
02073,4,4
02074,4,4
02075,1,1
02076,2,0
02077,3,3
02078,1,1
02079,3,3
02080,3,3
02081,1,1
02082,0,0
02083,3,3
02084,0,0
02085,0,0
02086,4,4
02087,1,1
02088,2,2
02089,5,6
02090,1,1
02091,4,4
02092,1,1
02093,0,0
02094,2,2
02095,4,4
02096,0,0
02097,5,5
02098,4,4
02099,3,3
02100,0,0
02101,3,3
02102,1,1
02103,5,5
02104,5,5
02105,0,0
02106,3,3
02107,2,5
02108,0,0
02109,4,4
02110,2,2
02111,2,2
02112,4,4
02113,5,5
02114,0,0
02115,4,4
02116,0,0
02117,1,1
02118,1,1
02119,3,3
02120,1,1
02121,0,0
02122,2,2
02123,2,2
02124,3,3
02125,3,3
02126,0,0
02127,6,6
02128,2,2
02129,1,1
02130,0,0
02131,0,0
02132,4,4
02133,0,0
02134,2,2
02135,4,4
02136,3,3
02137,2,2
02138,1,1
02139,1,1
02140,1,1
02141,1,1
02142,2,2
02143,5,1
02144,5,5
02145,3,3
02146,0,0
02147,1,1
02148,0,0
02149,0,0
02150,3,3
02151,1,1
02152,0,0
02153,2,2
02154,3,3
02155,1,1
02156,5,5
02157,3,3
02158,4,4
02159,3,3
02160,0,0
02161,3,3
02162,5,6
02163,4,4
02164,3,3
02165,1,1
02166,0,0
02167,1,1
02168,3,3
02169,0,0
02170,1,1
02171,0,0
02172,2,2
02173,0,0
02174,2,2
02175,0,0
02176,1,1
02177,4,4
02178,0,0
02179,4,4
02180,4,4
02181,6,6
02182,3,3
02183,2,2
02184,4,4
02185,2,2
02186,0,0
02187,6,6
02188,0,0
02189,1,1
02190,1,1
02191,4,4
02192,1,1
02193,1,1
02194,2,2
02195,1,1
02196,2,2
02197,2,2
02198,5,5
02199,2,2
02200,6,6
02201,4,4
02202,2,2
02203,0,0
02204,3,3
02205,0,0
02206,1,1
02207,0,0
02208,2,3
02209,5,5
02210,2,3
02211,6,6
02212,1,1
02213,1,1
02214,2,2
02215,1,1
02216,6,6
02217,0,0
02218,1,1
02219,0,0
02220,1,1
02221,2,2
02222,3,3
02223,0,0
02224,4,4
02225,1,1
02226,6,6
02227,4,4
02228,0,0
02229,3,3
02230,6,6
02231,0,0
02232,2,2
02233,1,1
02234,0,0
02235,2,2
02236,4,4
02237,3,3
02238,2,2
02239,4,4
02240,4,4
02241,1,1
02242,3,3
02243,1,1
02244,3,3
02245,2,2
02246,2,2
02247,1,1
02248,6,6
02249,3,3
02250,0,0
02251,0,0
02252,3,3
02253,1,1
02254,1,1
02255,3,3
02256,4,4
02257,0,0
02258,3,3
02259,1,1
02260,6,6
02261,4,4
02262,4,4
02263,2,2
02264,0,2
02265,6,6
02266,0,0
02267,4,4
02268,3,3
02269,2,2
02270,4,4
02271,6,6
02272,2,2
02273,1,1
02274,4,4
02275,2,2
02276,3,3
02277,4,4
02278,1,1
02279,2,2
02280,2,2
02281,4,4
02282,2,3
02283,3,3
02284,2,2
02285,0,0
02286,1,1
02287,4,4
02288,4,4
02289,5,5
02290,0,0
02291,5,5
02292,4,4
02293,3,3
02294,5,5
02295,2,2
02296,6,6
02297,3,3
02298,1,1
02299,0,0
02300,4,4
02301,5,5
02302,2,2
02303,1,1
02304,0,0
02305,0,0
02306,1,1
02307,4,4
02308,4,4
02309,1,1
02310,3,3
02311,0,0
02312,0,0
02313,5,5
02314,3,3
02315,0,0
02316,5,6
02317,0,0
02318,1,1
02319,4,4
02320,0,0
02321,2,2
02322,3,3
02323,3,3
02324,0,0
02325,2,2
02326,4,4
02327,1,1
02328,2,2
02329,1,1
02330,3,3
02331,5,6
02332,1,1
02333,3,3
02334,0,0
02335,0,0
02336,3,3
02337,2,2
02338,2,2
02339,0,0
02340,1,1
02341,0,0
02342,3,3
02343,4,4
02344,0,0
02345,0,0
02346,0,0
02347,1,1
02348,4,4
02349,6,6
02350,2,2
02351,2,2
02352,1,1
02353,4,4
02354,6,6
02355,6,6
02356,3,3
02357,4,4
02358,1,1
02359,2,2
02360,5,5
02361,4,4
02362,0,0
02363,2,2
02364,4,4
02365,2,2
02366,0,0
02367,4,4
02368,4,4
02369,6,6
02370,0,0
02371,2,2
02372,1,1
02373,0,0
02374,0,0
02375,0,0
02376,4,4
02377,4,4
02378,4,4
02379,2,2
02380,1,1
02381,3,3
02382,2,2
02383,0,0
02384,1,1
02385,4,4
02386,4,4
02387,0,0
02388,5,6
02389,1,1
02390,4,4
02391,4,4
02392,0,0
02393,2,2
02394,4,4
02395,6,6
02396,3,3
02397,2,2
02398,0,0
02399,1,1
02400,3,3
02401,1,1
02402,1,1
02403,5,5
02404,4,4
02405,4,4
02406,0,0
02407,6,6
02408,2,2
02409,1,1
02410,5,5
02411,3,3
02412,0,0
02413,2,2
02414,1,1
02415,1,1
02416,3,2
02417,4,4
02418,1,1
02419,1,1
02420,4,4
02421,0,0
02422,1,1
02423,4,4
02424,1,1
02425,3,3
02426,1,0
02427,3,3
02428,2,2
02429,4,4
02430,0,0
02431,0,0
02432,4,4
02433,0,0
02434,4,4
02435,1,1
02436,6,2
02437,4,4
02438,0,0
02439,0,0
02440,3,3
02441,0,0
02442,0,0
02443,3,3
02444,4,4
02445,0,0
02446,4,4
02447,2,2
02448,4,4
02449,0,0
02450,6,6
02451,5,5
02452,4,4
02453,3,3
02454,3,3
02455,3,3
02456,4,4
02457,2,2
02458,1,0
02459,1,1
02460,5,5
02461,1,1
02462,1,1
02463,0,0
02464,3,3
02465,4,4
02466,6,6
02467,4,4
02468,1,1
02469,2,2
02470,3,3
02471,2,2
02472,4,4
02473,3,3
02474,2,2
02475,4,4
02476,5,3
02477,1,1
02478,2,2
02479,2,2
02480,0,0
02481,0,0
02482,3,3
02483,0,0
02484,0,0
02485,0,0
02486,1,1
02487,4,4
02488,0,1
02489,3,3
02490,6,6
02491,2,2
02492,3,3
02493,4,4
02494,0,0
02495,1,1
02496,3,3
02497,0,0
02498,0,0
02499,4,4
02500,0,0
02501,1,1
02502,0,0
02503,2,2
02504,3,3
02505,2,2
02506,4,4
02507,1,1
02508,3,3
02509,6,6
02510,2,2
02511,2,2
02512,4,4
02513,0,0
02514,3,3
02515,6,6
02516,4,4
02517,4,4
02518,2,2
02519,4,4
02520,0,0
02521,2,2
02522,3,3
02523,4,4
02524,6,6
02525,2,2
02526,3,3
02527,2,2
02528,1,1
02529,2,2
02530,1,1
02531,1,1
02532,4,4
02533,2,3
02534,6,6
02535,2,2
02536,4,4
02537,1,1
02538,3,3
02539,0,0
02540,1,1
02541,0,1
02542,4,4
02543,0,0
02544,0,0
02545,6,6
02546,0,0
02547,3,3
02548,1,1
02549,3,3
02550,1,1
02551,1,1
02552,0,0
02553,3,3
02554,2,2
02555,2,2
02556,4,4
02557,4,4
02558,1,1
02559,0,0
02560,3,3
02561,2,2
02562,4,4
02563,3,3
02564,2,2
02565,0,0
02566,4,4
02567,3,3
02568,0,0
02569,1,1
02570,2,2
02571,2,2
02572,3,3
02573,1,1
02574,1,1
02575,0,0
02576,0,0
02577,2,2
02578,3,3
02579,3,3
02580,1,1
02581,6,6
02582,1,1
02583,3,3
02584,2,2
02585,2,2
02586,1,1
02587,1,1
02588,6,6
02589,1,1
02590,4,4
02591,0,0
02592,3,3
02593,2,2
02594,1,1
02595,1,1
02596,6,6
02597,4,4
02598,2,2
02599,3,3
02600,3,2
02601,0,0
02602,0,0
02603,1,1
02604,3,3
02605,3,3
02606,6,6
02607,0,0
02608,0,0
02609,0,0
02610,0,0
02611,4,4
02612,4,4
02613,3,3
02614,1,1
02615,2,2
02616,2,2
02617,3,3
02618,1,1
02619,3,0
02620,0,0
02621,4,4
02622,3,3
02623,4,4
02624,4,4
02625,0,0
02626,0,0
02627,6,6
02628,1,1
02629,1,1
02630,5,5
02631,2,2
02632,2,2
02633,0,0
02634,3,3
02635,4,4
02636,4,4
02637,4,4
02638,2,2
02639,3,3
02640,6,6
02641,0,0
02642,4,4
02643,0,0
02644,6,6
02645,0,0
02646,4,4
02647,3,3
02648,2,2
02649,3,3
02650,3,3
02651,1,1
02652,4,4
02653,4,4
02654,3,3
02655,3,3
02656,1,1
02657,6,6
02658,1,1
02659,1,1
02660,2,2
02661,1,1
02662,1,1
02663,4,4
02664,6,6
02665,4,4
02666,1,1
02667,2,2
02668,0,0
02669,1,1
02670,4,4
02671,3,3
02672,1,1
02673,0,0
02674,0,0
02675,1,1
02676,1,1
02677,3,3
02678,1,1
02679,4,4
02680,2,2
02681,3,3
02682,2,2
02683,4,4
02684,0,0
02685,4,4
02686,0,0
02687,3,3
02688,2,2
02689,4,4
02690,2,2
02691,2,2
02692,5,5
02693,3,3
02694,3,3
02695,1,1
02696,3,3
02697,3,3
02698,1,1
02699,5,5
02700,4,4
02701,2,2
02702,1,1
02703,3,3
02704,0,0
02705,0,0
02706,6,6
02707,0,0
02708,0,0
02709,4,4
02710,5,6
02711,2,2
02712,6,2
02713,3,3
02714,1,1
02715,0,0
02716,0,0
02717,3,3
02718,0,0
02719,4,4
02720,1,1
02721,1,1
02722,3,3
02723,2,2
02724,3,3
02725,3,3
02726,3,3
02727,4,3
02728,1,1
02729,4,4
02730,1,1
02731,4,4
02732,2,2
02733,3,3
02734,4,4
02735,0,0
02736,4,4
02737,2,2
02738,0,0
02739,1,1
02740,0,0
02741,3,3
02742,3,3
02743,3,3
02744,1,1
02745,5,5
02746,0,0
02747,2,2
02748,3,3
02749,1,1
02750,4,4
02751,2,2
02752,2,2
02753,2,2
02754,0,2
02755,1,1
02756,2,2
02757,3,3
02758,4,4
02759,6,6
02760,5,5
02761,2,2
02762,4,4
02763,4,4
02764,4,4
02765,2,2
02766,4,4
02767,2,2
02768,0,0
02769,4,4
02770,2,2
02771,6,6
02772,1,1
02773,6,6
02774,3,3
02775,0,0
02776,0,0
02777,0,0
02778,2,2
02779,4,4
02780,2,2
02781,0,0
02782,1,1
02783,1,1
02784,2,2
02785,6,6
02786,3,3
02787,2,2
02788,1,1
02789,5,5
02790,4,4
02791,1,1
02792,2,2
02793,3,3
02794,0,0
02795,6,6
02796,3,3
02797,4,4
02798,2,2
02799,3,3
02800,3,3
02801,4,4
02802,0,0
02803,2,2
02804,2,2
02805,4,4
02806,0,0
02807,0,0
02808,6,6
02809,0,0
02810,3,3
02811,3,3
02812,0,0
02813,4,4
02814,2,2
02815,0,0
02816,3,3
02817,1,1
02818,0,0
02819,2,2
02820,2,2
02821,3,3
02822,0,0
02823,2,2
02824,3,3
02825,0,0
02826,0,0
02827,4,4
02828,3,3
02829,1,1
02830,2,2
02831,1,1
02832,3,3
02833,2,2
02834,1,1
02835,5,5
02836,4,4
02837,2,2
02838,0,0
02839,2,2
02840,3,3
02841,1,1
02842,0,0
02843,0,0
02844,1,1
02845,2,2
02846,5,5
02847,3,3
02848,0,0
02849,1,1
02850,3,3
02851,5,5
02852,6,6
02853,0,0
02854,0,0
02855,2,2
02856,1,1
02857,2,2
02858,0,0
02859,3,3
02860,3,3
02861,1,1
02862,6,6
02863,0,0
02864,0,0
02865,0,0
02866,3,3
02867,2,2
02868,0,0
02869,1,1
02870,3,3
02871,6,6
02872,2,2
02873,1,1
02874,0,0
02875,2,2
02876,0,0
02877,1,1
02878,4,4
02879,4,4
02880,6,6
02881,3,3
02882,4,4
02883,2,2
02884,0,0
02885,1,1
02886,4,4
02887,0,0
02888,0,0
02889,1,1
02890,4,4
02891,1,1
02892,3,3
02893,1,1
02894,2,2
02895,2,2
02896,4,4
02897,1,1
02898,2,2
02899,0,0
02900,0,0
02901,2,2
02902,1,1
02903,1,1
02904,1,1
02905,2,2
02906,3,3
02907,3,3
02908,0,0
02909,6,6
02910,1,1
02911,0,0
02912,4,4
02913,1,1
02914,0,0
02915,1,1
02916,1,1
02917,6,6
02918,6,6
02919,3,3
02920,3,3
02921,1,1
02922,4,4
02923,0,0
02924,1,1
02925,4,4
02926,3,3
02927,3,3
02928,5,5
02929,3,3
02930,5,5
02931,1,1
02932,3,3
02933,0,0
02934,1,1
02935,4,4
02936,4,4
02937,0,0
02938,6,6
02939,0,0
02940,1,1
02941,0,0
02942,0,0
02943,4,4
02944,4,4
02945,4,4
02946,1,1
02947,1,1
02948,2,2
02949,0,0
02950,0,0
02951,2,2
02952,5,5
02953,2,2
02954,0,0
02955,0,0
02956,3,3
02957,3,3
02958,6,6
02959,3,3
02960,1,1
02961,1,1
02962,0,0
02963,4,4
02964,0,0
02965,0,0
02966,6,6
02967,1,1
02968,2,2
02969,0,0
02970,1,1
02971,1,1
02972,1,1
02973,6,6
02974,3,3
02975,1,1
02976,2,2
02977,1,1
02978,0,0
02979,0,0
02980,1,1
02981,4,4
02982,1,1
02983,6,6
02984,1,1
02985,6,6
02986,4,4
02987,0,0
02988,2,2
02989,1,1
02990,1,1
02991,4,4
02992,4,4
02993,4,0
02994,4,4
02995,1,1
02996,1,1
02997,1,1
02998,2,2
02999,0,0
03000,1,1
03001,3,3
03002,2,2
03003,6,6
03004,1,1
03005,3,3
03006,1,1
03007,3,3
03008,3,3
03009,4,4
03010,4,4
03011,1,0
03012,2,2
03013,3,3
03014,3,3
03015,3,3
03016,2,2
03017,0,0
03018,2,2
03019,4,4
03020,5,5
03021,1,1
03022,1,1
03023,4,4
03024,0,0
03025,3,3
03026,2,2
03027,0,0
03028,1,1
03029,2,2
03030,1,1
03031,0,0
03032,4,4
03033,4,4
03034,1,1
03035,5,5
03036,1,1
03037,6,6
03038,6,6
03039,0,0
03040,0,0
03041,2,2
03042,2,2
03043,6,6
03044,0,0
03045,0,0
03046,3,3
03047,2,2
03048,3,3
03049,2,2
03050,2,2
03051,2,2
03052,4,4
03053,1,1
03054,0,0
03055,0,0
03056,6,6
03057,2,2
03058,3,3
03059,0,0
03060,1,1
03061,4,0
03062,4,4
03063,1,1
03064,3,3
03065,5,5
03066,1,1
03067,6,6
03068,0,0
03069,0,0
03070,2,2
03071,4,4
03072,1,1
03073,2,2
03074,3,3
03075,2,2
03076,2,2
03077,1,1
03078,2,2
03079,1,1
03080,3,3
03081,0,0
03082,4,4
03083,3,3
03084,0,0
03085,0,0
03086,3,3
03087,4,4
03088,1,1
03089,0,0
03090,4,4
03091,1,1
03092,3,3
03093,4,4
03094,1,1
03095,6,6
03096,2,2
03097,4,4
03098,2,2
03099,4,4
03100,3,3
03101,4,4
03102,2,2
03103,4,4
03104,1,1
03105,2,2
03106,1,1
03107,5,5
03108,3,3
03109,1,1
03110,0,0
03111,0,0
03112,0,0
03113,3,3
03114,1,1
03115,2,2
03116,2,2
03117,1,1
03118,1,1
03119,4,4
03120,2,2
03121,4,4
03122,1,1
03123,0,0
03124,2,2
03125,4,4
03126,4,4
03127,1,1
03128,3,3
03129,0,0
03130,0,0
03131,6,6
03132,3,0
03133,4,4
03134,0,0
03135,2,2
03136,2,2
03137,2,2
03138,4,4
03139,3,3
03140,1,1
03141,1,1
03142,3,3
03143,2,2
03144,1,1
03145,1,1
03146,3,3
03147,1,1
03148,2,2
03149,3,3
03150,0,0
03151,2,2
03152,3,3
03153,2,3
03154,3,3
03155,1,1
03156,1,1
03157,1,1
03158,5,5
03159,4,4
03160,4,4
03161,0,0
03162,5,5
03163,4,4
03164,6,6
03165,2,2
03166,1,1
03167,1,1
03168,4,4
03169,3,3
03170,4,4
03171,1,1
03172,4,4
03173,0,0
03174,4,4
03175,3,3
03176,3,3
03177,1,1
03178,1,1
03179,4,4
03180,0,0
03181,6,6
03182,1,1
03183,1,1
03184,2,2
03185,2,2
03186,0,0
03187,2,2
03188,1,1
03189,1,1
03190,4,4
03191,0,0
03192,0,0
03193,4,4
03194,0,0
03195,4,4
03196,4,4
03197,0,0
03198,4,4
03199,4,4
03200,2,2
03201,4,4
03202,0,0
03203,0,0
03204,4,4
03205,6,6
03206,1,1
03207,2,2
03208,5,5
03209,3,3
03210,1,1
03211,0,0
03212,0,0
03213,1,1
03214,0,0
03215,2,2
03216,4,4
03217,0,0
03218,6,6
03219,4,4
03220,2,2
03221,3,3
03222,3,3
03223,6,6
03224,3,3
03225,2,2
03226,0,0
03227,5,5
03228,5,5
03229,1,1
03230,5,5
03231,5,5
03232,1,1
03233,1,1
03234,5,5
03235,2,2
03236,1,1
03237,6,3
03238,3,3
03239,5,5
03240,2,2
03241,4,4
03242,6,6
03243,0,0
03244,0,0
03245,4,4
03246,2,2
03247,4,4
03248,5,6
03249,6,6
03250,2,2
03251,2,2
03252,0,0
03253,3,3
03254,4,4
03255,1,1
03256,1,1
03257,5,5
03258,6,6
03259,3,3
03260,0,0
03261,3,3
03262,6,6
03263,0,0
03264,3,3
03265,4,4
03266,0,0
03267,4,4
03268,0,0
03269,1,1
03270,4,4
03271,0,0
03272,4,4
03273,1,1
03274,1,1
03275,5,5
03276,4,4
03277,2,2
03278,1,1
03279,6,6
03280,0,0
03281,3,3
03282,4,4
03283,5,0
03284,4,4
03285,4,4
03286,1,1
03287,0,0
03288,2,2
03289,0,0
03290,1,1
03291,4,4
03292,1,1
03293,0,0
03294,3,3
03295,3,3
03296,6,6
03297,1,1
03298,0,0
03299,4,4
03300,0,0
03301,1,1
03302,4,4
03303,4,4
03304,2,2
03305,2,2
03306,3,3
03307,4,4
03308,2,2
03309,5,5
03310,3,3
03311,4,4
03312,3,3
03313,3,3
03314,0,0
03315,2,2
03316,3,3
03317,3,3
03318,5,5
03319,2,2
03320,1,1
03321,4,4
03322,1,1
03323,4,4
03324,4,4
03325,2,2
03326,1,1
03327,2,2
03328,2,2
03329,4,4
03330,1,1
03331,2,2
03332,3,3
03333,2,2
03334,3,3
03335,3,3
03336,0,0
03337,2,2
03338,2,2
03339,0,0
03340,0,0
03341,0,0
03342,3,3
03343,2,2
03344,3,3
03345,0,0
03346,0,0
03347,4,4
03348,2,2
03349,0,0
03350,0,0
03351,0,0
03352,1,1
03353,2,2
03354,3,3
03355,3,3
03356,0,0
03357,2,2
03358,4,4
03359,0,0
03360,0,0
03361,3,3
03362,6,6
03363,1,1
03364,2,2
03365,2,2
03366,4,4
03367,2,2
03368,4,4
03369,5,5
03370,2,2
03371,4,4
03372,5,5
03373,0,0
03374,0,0
03375,4,4
03376,4,4
03377,1,1
03378,3,3
03379,3,3
03380,1,1
03381,0,0
03382,3,3
03383,0,0
03384,0,0
03385,2,2
03386,1,1
03387,0,0
03388,3,3
03389,3,3
03390,1,1
03391,4,4
03392,1,1
03393,4,4
03394,0,0
03395,4,4
03396,0,0
03397,2,2
03398,0,0
03399,4,4
03400,0,0
03401,4,4
03402,3,3
03403,2,2
03404,6,2
03405,1,1
03406,2,2
03407,6,6
03408,3,3
03409,5,5
03410,1,1
03411,1,1
03412,0,0
03413,4,4
03414,4,4
03415,3,3
03416,0,0
03417,2,2
03418,1,1
03419,1,1
03420,4,4
03421,2,2
03422,0,0
03423,0,0
03424,0,0
03425,1,1
03426,0,0
03427,4,4
03428,2,2
03429,1,1
03430,4,4
03431,2,2
03432,0,0
03433,5,5
03434,2,2
03435,3,3
03436,3,3
03437,4,4
03438,3,3
03439,0,0
03440,3,3
03441,2,2
03442,5,5
03443,3,3
03444,4,4
03445,6,6
03446,1,0
03447,3,3
03448,4,4
03449,3,3
03450,5,5
03451,4,4
03452,1,1
03453,1,1
03454,4,4
03455,4,4
03456,6,6
03457,3,3
03458,2,2
03459,0,0
03460,3,3
03461,2,2
03462,3,3
03463,1,1
03464,4,4
03465,1,1
03466,1,1
03467,4,4
03468,2,2
03469,0,0
03470,0,0
03471,2,2
03472,3,3
03473,4,4
03474,2,2
03475,0,0
03476,0,0
03477,3,3
03478,3,3
03479,2,2
03480,4,4
03481,1,1
03482,2,2
03483,0,0
03484,2,2
03485,0,0
03486,6,6
03487,1,1
03488,2,2
03489,1,1
03490,2,2
03491,0,0
03492,0,0
03493,6,6
03494,4,4
03495,2,2
03496,5,6
03497,1,1
03498,1,1
03499,3,3
03500,1,1
03501,6,6
03502,1,1
03503,2,2
03504,2,2
03505,3,3
03506,3,3
03507,0,0
03508,1,1
03509,5,2
03510,1,1
03511,3,3
03512,0,0
03513,1,1
03514,5,5
03515,4,4
03516,6,6
03517,3,3
03518,1,1
03519,1,1
03520,5,6
03521,1,1
03522,3,3
03523,0,0
03524,1,1
03525,2,2
03526,3,3
03527,2,0
03528,1,1
03529,0,0
03530,2,2
03531,4,4
03532,2,2
03533,0,0
03534,4,4
03535,0,0
03536,3,3
03537,2,2
03538,4,4
03539,0,0
03540,4,4
03541,3,3
03542,2,2
03543,1,1
03544,4,4
03545,3,3
03546,0,0
03547,1,1
03548,0,0
03549,3,3
03550,4,4
03551,1,1
03552,5,5
03553,6,6
03554,3,3
03555,2,2
03556,1,1
03557,1,1
03558,1,1
03559,1,1
03560,3,3
03561,3,3
03562,3,3
03563,4,4
03564,6,6
03565,5,5
03566,2,2
03567,1,1
03568,2,2
03569,4,4
03570,4,4
03571,3,3
03572,2,2
03573,1,1
03574,0,0
03575,3,3
03576,3,3
03577,1,1
03578,2,2
03579,4,4
03580,1,1
03581,2,2
03582,2,2
03583,3,3
03584,0,0
03585,3,3
03586,4,4
03587,1,1
03588,4,4
03589,0,0
03590,3,3
03591,2,2
03592,3,3
03593,4,4
03594,4,4
03595,0,0
03596,3,3
03597,0,0
03598,1,1
03599,0,0
03600,0,0
03601,4,4
03602,2,2
03603,2,2
03604,0,0
03605,0,0
03606,4,4
03607,4,4
03608,0,0
03609,3,3
03610,3,3
03611,1,1
03612,3,3
03613,2,2
03614,0,0
03615,5,5
03616,2,2
03617,1,1
03618,4,4
03619,3,3
03620,3,3
03621,0,0
03622,1,1
03623,3,3
03624,4,4
03625,2,2
03626,4,4
03627,4,4
03628,0,0
03629,4,4
03630,3,3
03631,2,2
03632,0,0
03633,0,0
03634,2,2
03635,4,4
03636,2,2
03637,2,2
03638,2,2
03639,0,0
03640,3,3
03641,4,4
03642,5,5
03643,0,0
03644,0,0
03645,1,1
03646,1,1
03647,0,0
03648,3,3
03649,4,4
03650,5,5
03651,2,3
03652,2,2
03653,1,1
03654,0,3
03655,6,6
03656,0,0
03657,0,0
03658,2,2
03659,3,3
03660,0,0
03661,1,1
03662,2,2
03663,4,4
03664,3,3
03665,1,1
03666,5,5
03667,4,4
03668,5,5
03669,3,3
03670,5,5
03671,0,0
03672,4,4
03673,0,0
03674,0,0
03675,2,2
03676,0,0
03677,1,1
03678,2,2
03679,3,3
03680,3,3
03681,3,3
03682,2,2
03683,4,4
03684,1,1
03685,4,4
03686,2,2
03687,3,3
03688,0,0
03689,2,2
03690,2,2
03691,0,0
03692,1,1
03693,2,2
03694,2,2
03695,0,0
03696,2,2
03697,0,0
03698,4,4
03699,2,2
03700,4,4
03701,4,4
03702,6,6
03703,2,2
03704,4,4
03705,1,1
03706,2,2
03707,0,0
03708,2,2
03709,6,6
03710,2,2
03711,3,3
03712,3,3
03713,1,1
03714,1,1
03715,2,2
03716,2,2
03717,6,6
03718,1,1
03719,0,0
03720,4,4
03721,1,1
03722,5,5
03723,6,6
03724,5,5
03725,4,4
03726,3,3
03727,3,3
03728,1,1
03729,3,3
03730,3,3
03731,2,2
03732,2,2
03733,0,0
03734,3,3
03735,3,3
03736,4,4
03737,2,2
03738,0,0
03739,1,1
03740,3,3
03741,0,0
03742,1,1
03743,4,4
03744,3,3
03745,2,2
03746,0,0
03747,1,1
03748,3,3
03749,1,1
03750,4,4
03751,4,4
03752,2,2
03753,2,2
03754,1,1
03755,1,1
03756,2,2
03757,0,0
03758,2,3
03759,1,1
03760,2,2
03761,6,6
03762,2,2
03763,3,3
03764,3,3
03765,4,4
03766,0,0
03767,4,4
03768,1,1
03769,1,1
03770,0,0
03771,1,1
03772,2,2
03773,1,1
03774,4,4
03775,4,4
03776,6,6
03777,0,0
03778,2,2
03779,1,1
03780,1,1
03781,3,3
03782,3,3
03783,3,3
03784,3,3
03785,4,4
03786,2,2
03787,1,1
03788,2,2
03789,2,2
03790,3,3
03791,3,3
03792,2,2
03793,2,2
03794,3,3
03795,2,2
03796,2,2
03797,0,0
03798,3,3
03799,4,4
03800,4,4
03801,1,1
03802,3,3
03803,4,4
03804,0,0
03805,4,4
03806,5,6
03807,6,6
03808,2,2
03809,0,0
03810,4,4
03811,1,1
03812,0,0
03813,1,1
03814,2,2
03815,2,2
03816,3,3
03817,0,0
03818,1,1
03819,6,6
03820,0,0
03821,1,3
03822,0,0
03823,0,0
03824,3,3
03825,0,0
03826,2,2
03827,1,1
03828,0,0
03829,4,4
03830,1,1
03831,0,0
03832,4,4
03833,6,6
03834,5,3
03835,5,5
03836,3,3
03837,3,3
03838,6,6
03839,3,3
03840,1,1
03841,0,0
03842,0,0
03843,4,4
03844,3,3
03845,1,1
03846,6,6
03847,2,3
03848,1,1
03849,6,6
03850,0,0
03851,1,1
03852,6,6
03853,3,3
03854,4,4
03855,4,4
03856,2,2
03857,3,3
03858,4,4
03859,4,4
03860,2,2
03861,5,5
03862,0,0
03863,3,3
03864,5,3
03865,5,1
03866,0,0
03867,2,2
03868,3,3
03869,4,4
03870,4,4
03871,2,2
03872,1,1
03873,0,0
03874,1,1
03875,1,1
03876,4,4
03877,3,3
03878,2,2
03879,3,3
03880,1,1
03881,4,4
03882,3,3
03883,1,1
03884,5,5
03885,6,6
03886,3,3
03887,3,3
03888,2,2
03889,0,0
03890,3,3
03891,1,1
03892,0,0
03893,3,3
03894,0,0
03895,4,4
03896,3,3
03897,4,4
03898,3,3
03899,4,4
03900,2,3
03901,0,0
03902,3,3
03903,1,1
03904,0,0
03905,3,3
03906,3,3
03907,3,3
03908,1,1
03909,2,2
03910,2,2
03911,0,0
03912,1,1
03913,4,4
03914,0,0
03915,0,0
03916,4,4
03917,2,2
03918,3,3
03919,2,2
03920,4,4
03921,3,3
03922,4,4
03923,4,4
03924,1,1
03925,3,3
03926,4,4
03927,0,0
03928,0,0
03929,3,3
03930,4,4
03931,4,4
03932,3,3
03933,4,4
03934,0,0
03935,0,0
03936,2,2
03937,0,0
03938,1,1
03939,4,4
03940,1,1
03941,0,0
03942,4,4
03943,6,6
03944,5,5
03945,4,4
03946,6,6
03947,0,0
03948,0,0
03949,5,5
03950,2,2
03951,6,3
03952,2,2
03953,1,1
03954,6,6
03955,0,0
03956,4,4
03957,2,2
03958,2,3
03959,0,0
03960,1,1
03961,0,0
03962,1,1
03963,0,0
03964,6,6
03965,6,6
03966,0,0
03967,4,4
03968,5,5
03969,1,1
03970,0,0
03971,1,1
03972,5,5
03973,4,4
03974,0,0
03975,4,4
03976,1,1
03977,0,0
03978,0,0
03979,0,0
03980,2,2
03981,2,3
03982,0,0
03983,4,4
03984,1,1
03985,0,0
03986,4,4
03987,0,0
03988,1,1
03989,0,0
03990,1,1
03991,2,2
03992,0,0
03993,0,0
03994,2,2
03995,1,1
03996,1,1
03997,1,1
03998,3,3
03999,0,0
04000,2,2
04001,1,1
04002,4,4
04003,4,4
04004,4,4
04005,4,4
04006,4,4
04007,0,0
04008,0,0
04009,1,1
04010,1,1
04011,3,3
04012,0,0
04013,0,0
04014,4,4
04015,0,0
04016,4,4
04017,0,0
04018,1,1
04019,0,0
04020,5,5
04021,1,1
04022,3,3
04023,0,0
04024,4,4
04025,1,1
04026,1,1
04027,0,0
04028,3,3
04029,4,4
04030,4,4
04031,0,0
04032,2,2
04033,0,0
04034,2,2
04035,0,0
04036,4,4
04037,3,3
04038,6,6
04039,1,1
04040,2,2
04041,1,1
04042,2,2
04043,3,3
04044,0,0
04045,5,5
04046,5,5
04047,0,0
04048,4,4
04049,1,1
04050,3,3
04051,4,4
04052,4,4
04053,0,0
04054,0,0
04055,4,4
04056,4,4
04057,4,4
04058,1,1
04059,1,1
04060,5,5
04061,4,4
04062,3,3
04063,0,0
04064,6,6
04065,1,1
04066,2,2
04067,4,4
04068,1,1
04069,2,2
04070,6,6
04071,0,0
04072,3,3
04073,0,0
04074,4,4
04075,1,1
04076,3,3
04077,6,6
04078,0,0
04079,2,2
04080,0,0
04081,0,0
04082,1,1
04083,2,2
04084,5,5
04085,4,4
04086,1,1
04087,4,4
04088,3,3
04089,1,1
04090,1,1
04091,1,1
04092,4,4
04093,2,2
04094,1,1
04095,4,4
04096,2,2
04097,1,1
04098,1,1
04099,1,1
04100,1,1
04101,2,2
04102,4,4
04103,2,3
04104,1,1
04105,2,2
04106,4,4
04107,1,1
04108,0,0
04109,0,0
04110,5,5
04111,4,4
04112,6,6
04113,2,2
04114,2,2
04115,2,2
04116,1,1
04117,4,4
04118,0,0
04119,0,0
04120,3,3
04121,3,3
04122,3,3
04123,4,4
04124,3,3
04125,4,4
04126,0,0
04127,4,4
04128,2,2
04129,3,3
04130,3,3
04131,1,1
04132,2,2
04133,1,1
04134,4,4
04135,0,0
04136,1,1
04137,1,1
04138,4,4
04139,1,1
04140,2,2
04141,4,4
04142,5,6
04143,1,1
04144,0,0
04145,3,3
04146,1,1
04147,5,5
04148,2,2
04149,1,1
04150,3,3
04151,4,4
04152,2,2
04153,5,5
04154,4,4
04155,6,6
04156,3,3
04157,1,1
04158,4,4
04159,6,6
04160,3,3
04161,0,0
04162,1,1
04163,2,2
04164,2,2
04165,3,3
04166,2,2
04167,4,4
04168,1,1
04169,2,2
04170,2,2
04171,0,0
04172,1,1
04173,4,4
04174,6,2
04175,3,3
04176,3,3
04177,0,0
04178,3,3
04179,4,4
04180,2,2
04181,2,2
04182,6,6
04183,2,2
04184,3,3
04185,0,0
04186,1,1
04187,0,0
04188,3,3
04189,3,3
04190,4,4
04191,2,2
04192,0,0
04193,3,3
04194,3,3
04195,1,1
04196,4,4
04197,2,2
04198,0,0
04199,6,6
04200,5,5
04201,4,4
04202,3,3
04203,0,0
04204,1,1
04205,3,3
04206,1,1
04207,3,3
04208,6,6
04209,4,4
04210,3,3
04211,3,3
04212,3,3
04213,2,2
04214,0,0
04215,4,4
04216,3,3
04217,2,2
04218,6,6
04219,3,3
04220,4,4
04221,5,5
04222,4,4
04223,4,4
04224,1,1
04225,0,0
04226,2,2
04227,3,3
04228,3,3
04229,0,0
04230,0,0
04231,6,6
04232,1,1
04233,5,5
04234,6,6
04235,5,5
04236,4,4
04237,1,1
04238,3,3
04239,3,3
04240,1,1
04241,4,4
04242,4,4
04243,4,4
04244,1,1
04245,2,3
04246,5,5
04247,2,2
04248,3,3
04249,2,2
04250,1,1
04251,4,4
04252,4,4
04253,4,4
04254,3,3
04255,1,1
04256,1,1
04257,0,0
04258,2,2
04259,0,0
04260,3,3
04261,1,1
04262,2,2
04263,4,4
04264,5,5
04265,3,3
04266,0,0
04267,2,2
04268,1,1
04269,2,2
04270,2,2
04271,1,1
04272,2,2
04273,2,2
04274,2,2
04275,3,3
04276,1,1
04277,1,1
04278,4,4
04279,0,0
04280,4,4
04281,3,3
04282,0,0
04283,3,3
04284,1,1
04285,2,2
04286,1,1
04287,0,0
04288,4,4
04289,6,3
04290,3,3
04291,3,3
04292,0,0
04293,0,0
04294,0,0
04295,4,4
04296,0,0
04297,2,2
04298,0,0
04299,2,2
04300,2,2
04301,0,0
04302,0,0
04303,2,2
04304,3,3
04305,1,1
04306,3,3
04307,4,4
04308,2,2
04309,1,1
04310,1,1
04311,4,4
04312,1,1
04313,2,2
04314,0,0
04315,5,5
04316,3,3
04317,0,0
04318,3,3
04319,6,6
04320,4,4
04321,1,1
04322,2,2
04323,3,3
04324,4,4
04325,1,1
04326,6,6
04327,5,5
04328,0,0
04329,1,1
04330,1,1
04331,4,4
04332,4,4
04333,0,0
04334,0,0
04335,2,2
04336,4,4
04337,2,2
04338,2,2
04339,0,0
04340,4,4
04341,2,2
04342,0,0
04343,1,1
04344,3,3
04345,0,0
04346,1,1
04347,1,1
04348,2,2
04349,2,3
04350,3,3
04351,3,3
04352,2,2
04353,1,1
04354,2,2
04355,1,1
04356,5,5
04357,4,4
04358,3,3
04359,4,4
04360,0,0
04361,5,5
04362,1,1
04363,1,1
04364,1,1
04365,4,4
04366,4,4
04367,3,3
04368,0,0
04369,2,2
04370,4,4
04371,5,5
04372,0,0
04373,6,6
04374,1,1
04375,4,4
04376,5,6
04377,1,1
04378,0,0
04379,6,6
04380,0,0
04381,2,2
04382,0,0
04383,2,2
04384,1,1
04385,1,1
04386,1,1
04387,5,5
04388,1,1
04389,1,1
04390,1,1
04391,2,2
04392,4,4
04393,0,0
04394,6,6
04395,1,1
04396,0,0
04397,3,3
04398,4,4
04399,1,1
04400,6,6
04401,4,4
04402,3,3
04403,0,0
04404,2,2
04405,4,4
04406,0,0
04407,1,1
04408,2,2
04409,4,4
04410,2,2
04411,2,2
04412,2,2
04413,3,3
04414,2,2
04415,1,1
04416,6,6
04417,4,4
04418,1,1
04419,0,0
04420,0,0
04421,3,3
04422,1,1
04423,2,2
04424,1,1
04425,3,3
04426,0,0
04427,0,0
04428,6,6
04429,0,0
04430,5,5
04431,4,4
04432,2,2
04433,3,3
04434,1,1
04435,2,2
04436,1,1
04437,6,6
04438,0,0
04439,4,4
04440,3,3
04441,5,5
04442,0,0
04443,4,2
04444,2,2
04445,0,0
04446,3,3
04447,0,0
04448,1,1
04449,0,0
04450,2,2
04451,1,1
04452,4,4
04453,1,1
04454,5,5
04455,1,1
04456,1,1
04457,3,3
04458,3,3
04459,4,4
04460,1,1
04461,0,0
04462,3,3
04463,0,0
04464,1,1
04465,4,4
04466,4,4
04467,4,4
04468,2,2
04469,4,4
04470,4,4
04471,1,1
04472,1,0
04473,0,0
04474,6,6
04475,4,4
04476,2,2
04477,2,2
04478,3,3
04479,4,4
04480,3,3
04481,0,0
04482,1,1
04483,5,5
04484,1,1
04485,1,1
04486,4,4
04487,4,4
04488,3,3
04489,6,6
04490,2,2
04491,1,1
04492,6,6
04493,3,3
04494,3,3
04495,3,3
04496,0,0
04497,2,2
04498,0,0
04499,2,2
04500,4,4
04501,3,3
04502,6,6
04503,1,1
04504,1,1
04505,0,0
04506,1,1
04507,3,3
04508,0,0
04509,0,0
04510,0,0
04511,3,3
04512,3,3
04513,4,4
04514,3,3
04515,4,4
04516,1,1
04517,3,3
04518,1,1
04519,2,2
04520,2,2
04521,1,3
04522,0,0
04523,1,1
04524,3,6
04525,5,5
04526,1,1
04527,0,0
04528,0,0
04529,4,4
04530,1,1
04531,0,0
04532,3,3
04533,3,3
04534,3,3
04535,4,4
04536,1,1
04537,2,2
04538,0,0
04539,4,4
04540,1,1
04541,3,3
04542,3,3
04543,2,2
04544,4,4
04545,2,2
04546,1,1
04547,0,0
04548,1,1
04549,1,1
04550,3,3
04551,0,0
04552,2,2
04553,3,3
04554,2,2
04555,3,3
04556,1,1
04557,3,3
04558,5,5
04559,4,4
04560,4,4
04561,1,1
04562,3,3
04563,1,1
04564,3,3
04565,4,4
04566,1,1
04567,4,4
04568,1,1
04569,1,1
04570,5,5
04571,3,3
04572,4,4
04573,2,2
04574,2,2
04575,1,1
04576,1,1
04577,0,0
04578,5,5
04579,0,0
04580,5,5
04581,5,5
04582,4,4
04583,0,0
04584,2,2
04585,2,2
04586,1,1
04587,1,1
04588,0,0
04589,3,3
04590,5,1
04591,2,2
04592,0,0
04593,0,0
04594,3,3
04595,4,4
04596,0,0
04597,1,1
04598,1,1
04599,0,0
04600,3,3
04601,2,2
04602,1,1
04603,4,4
04604,2,2
04605,4,4
04606,3,3
04607,0,0
04608,3,3
04609,4,4
04610,2,2
04611,0,0
04612,3,3
04613,1,1
04614,1,1
04615,3,3
04616,0,0
04617,3,3
04618,0,0
04619,0,0
04620,4,4
04621,1,1
04622,1,1
04623,4,4
04624,2,2
04625,6,6
04626,0,0
04627,1,1
04628,0,0
04629,2,2
04630,0,0
04631,3,3
04632,3,3
04633,3,3
04634,4,4
04635,1,1
04636,0,0
04637,2,2
04638,2,2
04639,1,1
04640,0,0
04641,2,2
04642,6,6
04643,4,4
04644,2,2
04645,6,6
04646,3,3
04647,6,6
04648,4,4
04649,3,3
04650,1,1
04651,3,3
04652,1,1
04653,6,6
04654,1,1
04655,3,3
04656,4,4
04657,3,3
04658,0,0
04659,4,4
04660,4,4
04661,0,0
04662,2,2
04663,2,2
04664,4,4
04665,4,4
04666,3,3
04667,4,4
04668,3,3
04669,0,0
04670,4,4
04671,0,0
04672,3,3
04673,2,2
04674,0,0
04675,0,0
04676,4,4
04677,1,1
04678,6,3
04679,1,1
04680,3,3
04681,1,1
04682,2,3
04683,5,3
04684,1,1
04685,4,4
04686,2,3
04687,1,1
04688,1,1
04689,3,3
04690,6,6
04691,0,0
04692,4,4
04693,0,0
04694,4,4
04695,2,0
04696,2,3
04697,0,0
04698,2,2
04699,2,2
04700,5,5
04701,0,0
04702,3,3
04703,2,2
04704,2,2
04705,0,0
04706,0,0
04707,0,0
04708,3,3
04709,1,1
04710,4,4
04711,2,2
04712,4,4
04713,2,2
04714,4,4
04715,4,4
04716,4,4
04717,2,2
04718,3,3
04719,1,1
04720,0,0
04721,3,3
04722,1,1
04723,2,2
04724,1,1
04725,5,5
04726,2,2
04727,1,1
04728,2,2
04729,0,0
04730,1,1
04731,0,0
04732,2,2
04733,1,1
04734,2,2
04735,0,0
04736,2,2
04737,3,3
04738,3,3
04739,4,4
04740,3,3
04741,4,4
04742,1,1
04743,1,1
04744,3,3
04745,0,0
04746,1,1
04747,1,1
04748,2,2
04749,4,4
04750,3,3
04751,2,2
04752,3,3
04753,4,4
04754,1,1
04755,5,5
04756,3,3
04757,6,6
04758,0,0
04759,2,2
04760,3,3
04761,0,0
04762,0,0
04763,1,1
04764,4,4
04765,4,4
04766,4,4
04767,2,2
04768,3,3
04769,0,0
04770,4,4
04771,0,0
04772,3,3
04773,3,3
04774,4,4
04775,4,4
04776,5,5
04777,1,1
04778,3,3
04779,4,4
04780,6,6
04781,0,0
04782,0,0
04783,6,2
04784,2,2
04785,5,5
04786,4,4
04787,3,3
04788,4,4
04789,0,0
04790,1,1
04791,1,1
04792,5,5
04793,0,0
04794,2,2
04795,4,4
04796,4,4
04797,5,5
04798,2,2
04799,3,3
04800,1,1
04801,1,1
04802,1,1
04803,4,4
04804,0,0
04805,6,6
04806,0,0
04807,4,4
04808,5,5
04809,3,3
04810,4,4
04811,3,3
04812,1,1
04813,5,6
04814,4,4
04815,5,5
04816,2,2
04817,2,2
04818,3,3
04819,4,4
04820,0,0
04821,1,1
04822,0,0
04823,4,4
04824,1,1
04825,1,1
04826,2,2
04827,1,1
04828,3,3
04829,0,0
04830,4,4
04831,2,2
04832,1,1
04833,0,0
04834,3,3
04835,2,2
04836,2,0
04837,1,1
04838,0,0
04839,6,6
04840,2,2
04841,1,1
04842,0,0
04843,6,6
04844,6,6
04845,4,4
04846,4,4
04847,3,3
04848,0,0
04849,3,3
04850,3,3
04851,4,4
04852,0,0
04853,2,2
04854,3,3
04855,4,4
04856,2,2
04857,2,2
04858,3,3
04859,2,2
04860,2,2
04861,3,3
04862,1,1
04863,3,3
04864,0,0
04865,3,3
04866,5,5
04867,4,4
04868,5,5
04869,0,0
04870,2,2
04871,1,1
04872,0,0
04873,6,2
04874,6,6
04875,4,4
04876,3,3
04877,6,6
04878,3,3
04879,4,4
04880,0,0
04881,3,3
04882,2,2
04883,6,6
04884,2,2
04885,0,0
04886,0,0
04887,4,4
04888,2,2
04889,0,0
04890,0,0
04891,4,4
04892,1,1
04893,1,1
04894,0,0
04895,0,0
04896,6,6
04897,4,4
04898,6,6
04899,3,3
04900,2,6
04901,6,6
04902,1,1
04903,3,3
04904,4,4
04905,0,0
04906,0,0
04907,1,1
04908,3,3
04909,1,1
04910,4,4
04911,0,0
04912,0,0
04913,2,2
04914,0,0
04915,3,3
04916,1,1
04917,6,6
04918,4,4
04919,2,2
04920,4,4
04921,5,5
04922,3,3
04923,6,6
04924,5,5
04925,3,3
04926,6,6
04927,1,1
04928,3,3
04929,4,4
04930,4,4
04931,6,6
04932,2,2
04933,0,0
04934,4,4
04935,5,5
04936,0,0
04937,0,0
04938,6,6
04939,2,2
04940,1,1
04941,1,1
04942,4,4
04943,4,4
04944,4,4
04945,2,2
04946,0,0
04947,2,2
04948,4,4
04949,1,1
04950,4,4
04951,3,3
04952,1,1
04953,3,3
04954,2,2
04955,3,3
04956,1,1
04957,0,0
04958,1,1
04959,0,0
04960,2,2
04961,2,2
04962,4,4
04963,1,1
04964,6,6
04965,4,4
04966,1,1
04967,3,3
04968,1,1
04969,1,1
04970,6,6
04971,1,1
04972,0,0
04973,0,0
04974,2,2
04975,4,4
04976,0,0
04977,0,0
04978,2,2
04979,3,3
04980,1,1
04981,3,3
04982,0,0
04983,1,1
04984,6,6
04985,0,0
04986,0,0
04987,0,0
04988,0,0
04989,2,2
04990,4,4
04991,1,1
04992,2,2
04993,1,1
04994,4,4
04995,0,0
04996,4,4
04997,1,1
04998,2,2
04999,3,3
05000,4,4
05001,0,0
05002,4,4
05003,3,3
05004,4,4
05005,3,3
05006,3,3
05007,5,0
05008,1,1
05009,6,6
05010,2,2
05011,0,0
05012,3,3
05013,2,0
05014,3,3
05015,2,2
05016,5,5
05017,2,2
05018,0,0
05019,0,0
05020,1,1
05021,4,4
05022,4,4
05023,1,1
05024,4,4
05025,0,0
05026,0,0
05027,3,3
05028,1,1
05029,1,1
05030,4,4
05031,6,6
05032,1,1
05033,3,3
05034,0,0
05035,3,3
05036,4,4
05037,1,1
05038,2,2
05039,2,2
05040,0,0
05041,1,1
05042,2,2
05043,4,4
05044,2,2
05045,4,4
05046,0,0
05047,6,6
05048,3,3
05049,5,3
05050,0,0
05051,0,0
05052,2,2
05053,6,6
05054,3,3
05055,4,4
05056,4,4
05057,1,1
05058,3,3
05059,5,5
05060,3,3
05061,6,6
05062,0,0
05063,3,3
05064,3,3
05065,3,3
05066,0,0
05067,3,3
05068,1,1
05069,5,5
05070,0,0
05071,4,4
05072,2,2
05073,3,3
05074,1,1
05075,4,4
05076,6,6
05077,1,1
05078,0,0
05079,1,1
05080,2,2
05081,1,1
05082,1,1
05083,3,3
05084,0,0
05085,1,1
05086,3,3
05087,1,1
05088,0,0
05089,0,0
05090,6,6
05091,2,2
05092,0,0
05093,1,1
05094,1,1
05095,2,2
05096,5,5
05097,1,1
05098,5,6
05099,1,1
05100,6,6
05101,2,2
05102,3,3
05103,1,1
05104,1,1
05105,4,4
05106,4,4
05107,0,0
05108,3,3
05109,0,0
05110,0,0
05111,0,0
05112,4,4
05113,0,0
05114,6,6
05115,0,0
05116,4,4
05117,3,3
05118,3,3
05119,2,6
05120,0,0
05121,2,2
05122,4,4
05123,2,2
05124,0,0
05125,4,4
05126,3,3
05127,0,0
05128,2,2
05129,1,1
05130,0,0
05131,4,4
05132,0,0
05133,1,1
05134,1,1
05135,4,4
05136,2,2
05137,4,4
05138,0,0
05139,2,2
05140,3,3
05141,1,1
05142,3,3
05143,2,2
05144,0,0
05145,3,3
05146,1,1
05147,4,4
05148,3,3
05149,2,2
05150,2,2
05151,1,1
05152,3,3
05153,6,6
05154,1,1
05155,0,0
05156,0,0
05157,2,2
05158,0,0
05159,4,4
05160,0,0
05161,4,4
05162,4,4
05163,4,4
05164,2,2
05165,3,3
05166,3,3
05167,0,0
05168,0,0
05169,5,5
05170,4,4
05171,2,2
05172,6,6
05173,4,4
05174,2,2
05175,0,0
05176,2,2
05177,0,0
05178,4,4
05179,3,3
05180,2,2
05181,6,6
05182,2,3
05183,4,4
05184,6,6
05185,4,4
05186,3,3
05187,0,0
05188,2,2
05189,1,1
05190,4,4
05191,4,4
05192,0,0
05193,3,3
05194,3,3
05195,4,4
05196,3,3
05197,1,1
05198,2,3
05199,0,0
05200,5,5
05201,1,1
05202,1,1
05203,2,3
05204,0,0
05205,1,0
05206,4,4
05207,3,3
05208,0,0
05209,6,6
05210,1,1
05211,3,3
05212,0,0
05213,1,1
05214,2,2
05215,3,3
05216,4,4
05217,2,2
05218,5,5
05219,2,2
05220,4,4
05221,0,0
05222,4,4
05223,3,3
05224,0,0
05225,1,1
05226,6,6
05227,4,4
05228,1,0
05229,5,5
05230,0,0
05231,0,0
05232,0,0
05233,3,3
05234,3,3
05235,4,4
05236,1,1
05237,6,6
05238,3,3
05239,4,4
05240,6,6
05241,2,2
05242,1,1
05243,1,1
05244,2,2
05245,2,2
05246,1,1
05247,5,5
05248,5,5
05249,2,2
05250,3,3
05251,2,2
05252,5,5
05253,4,0
05254,2,2
05255,0,0
05256,5,5
05257,2,2
05258,5,3
05259,1,1
05260,3,3
05261,2,2
05262,0,0
05263,4,4
05264,1,1
05265,2,2
05266,3,3
05267,2,2
05268,3,3
05269,4,4
05270,2,3
05271,1,1
05272,1,1
05273,4,4
05274,0,0
05275,4,4
05276,0,0
05277,2,2
05278,3,3
05279,4,4
05280,1,0
05281,0,0
05282,5,5
05283,2,2
05284,4,4
05285,5,5
05286,1,1
05287,0,0
05288,1,1
05289,5,5
05290,2,2
05291,1,1
05292,3,3
05293,2,2
05294,4,4
05295,6,0
05296,4,4
05297,0,0
05298,1,1
05299,2,2
05300,5,5
05301,2,2
05302,6,6
05303,0,0
05304,4,4
05305,5,6
05306,2,2
05307,4,4
05308,2,2
05309,3,3
05310,0,0
05311,1,1
05312,4,4
05313,0,0
05314,2,2
05315,2,2
05316,1,1
05317,1,1
05318,1,1
05319,0,0
05320,0,0
05321,1,1
05322,5,5
05323,1,1
05324,2,2
05325,0,0
05326,1,1
05327,1,1
05328,4,4
05329,6,6
05330,4,4
05331,1,1
05332,1,1
05333,1,1
05334,4,4
05335,3,3
05336,0,0
05337,2,2
05338,6,6
05339,4,4
05340,1,1
05341,6,6
05342,0,0
05343,1,1
05344,4,4
05345,4,4
05346,3,3
05347,3,3
05348,3,3
05349,4,4
05350,5,3
05351,4,4
05352,4,4
05353,6,6
05354,0,0
05355,2,2
05356,1,1
05357,6,6
05358,2,2
05359,4,4
05360,2,2
05361,0,0
05362,2,2
05363,2,2
05364,0,0
05365,5,5
05366,6,6
05367,2,2
05368,4,4
05369,3,3
05370,1,1
05371,4,4
05372,0,0
05373,5,5
05374,2,2
05375,1,1
05376,4,4
05377,0,0
05378,1,1
05379,0,0
05380,2,2
05381,2,2
05382,2,2
05383,6,6
05384,3,3
05385,0,0
05386,5,5
05387,0,0
05388,3,3
05389,0,0
05390,0,0
05391,4,4
05392,2,2
05393,4,4
05394,4,4
05395,0,0
05396,1,1
05397,3,3
05398,3,3
05399,1,1
05400,3,3
05401,5,5
05402,4,4
05403,1,1
05404,2,2
05405,0,0
05406,0,0
05407,4,4
05408,4,4
05409,4,4
05410,1,1
05411,1,1
05412,1,1
05413,0,0
05414,0,0
05415,0,0
05416,4,4
05417,0,0
05418,3,3
05419,4,4
05420,0,0
05421,1,1
05422,0,0
05423,1,1
05424,3,3
05425,1,1
05426,3,3
05427,2,2
05428,4,4
05429,6,6
05430,2,2
05431,6,3
05432,0,0
05433,2,2
05434,4,4
05435,2,2
05436,1,1
05437,1,1
05438,1,1
05439,1,1
05440,0,0
05441,5,5
05442,3,3
05443,4,4
05444,3,3
05445,3,3
05446,4,4
05447,2,2
05448,0,0
05449,0,0
05450,3,3
05451,1,1
05452,1,1
05453,3,3
05454,0,0
05455,3,3
05456,1,1
05457,2,2
05458,3,3
05459,4,4
05460,0,0
05461,0,0
05462,3,3
05463,2,2
05464,4,4
05465,4,4
05466,5,5
05467,2,2
05468,1,1
05469,3,3
05470,0,0
05471,3,3
05472,6,6
05473,5,5
05474,0,0
05475,4,4
05476,3,3
05477,2,2
05478,0,0
05479,1,1
05480,1,1
05481,3,3
05482,1,1
05483,0,0
05484,3,3
05485,2,2
05486,3,3
05487,3,3
05488,2,2
05489,4,4
05490,4,4
05491,2,2
05492,6,6
05493,2,2
05494,2,3
05495,1,1
05496,2,2
05497,4,4
05498,3,3
05499,4,4
05500,0,0
05501,0,0
05502,1,1
05503,4,4
05504,1,1
05505,2,2
05506,4,4
05507,4,4
05508,1,1
05509,1,1
05510,1,1
05511,3,3
05512,4,4
05513,2,2
05514,2,2
05515,6,6
05516,1,1
05517,6,6
05518,4,4
05519,2,2
05520,1,1
05521,3,3
05522,1,1
05523,0,0
05524,5,3
05525,1,1
05526,0,0
05527,4,4
05528,1,1
05529,5,5
05530,3,3
05531,5,5
05532,1,1
05533,1,1
05534,2,2
05535,0,0
05536,0,0
05537,1,1
05538,2,2
05539,5,5
05540,5,3
05541,2,2
05542,2,2
05543,5,5
05544,2,3
05545,6,3
05546,3,3
05547,0,0
05548,1,1
05549,0,0
05550,0,0
05551,2,2
05552,0,0
05553,4,4
05554,0,0
05555,4,4
05556,1,1
05557,4,4
05558,5,5
05559,4,4
05560,2,2
05561,0,0
05562,2,2
05563,6,6
05564,0,0
05565,4,4
05566,4,4
05567,1,1
05568,1,1
05569,1,1
05570,3,3
05571,0,0
05572,2,2
05573,1,1
05574,2,2
05575,4,4
05576,1,1
05577,6,3
05578,2,3
05579,0,0
05580,3,3
05581,4,4
05582,0,0
05583,3,3
05584,1,1
05585,1,1
05586,1,1
05587,2,2
05588,1,1
05589,4,4
05590,1,1
05591,3,3
05592,2,2
05593,5,5
05594,3,3
05595,3,3
05596,4,4
05597,0,0
05598,4,4
05599,6,6
05600,3,3
05601,0,0
05602,4,4
05603,1,1
05604,0,0
05605,4,4
05606,3,6
05607,3,3
05608,4,4
05609,5,5
05610,4,4
05611,0,0
05612,1,3
05613,0,0
05614,1,1
05615,1,1
05616,0,0
05617,0,0
05618,4,4
05619,1,1
05620,4,4
05621,2,2
05622,4,4
05623,4,4
05624,4,4
05625,1,1
05626,4,4
05627,1,1
05628,2,2
05629,1,1
05630,3,3
05631,4,4
05632,0,0
05633,2,2
05634,4,4
05635,4,4
05636,3,3
05637,2,2
05638,1,1
05639,2,2
05640,1,1
05641,2,2
05642,1,1
05643,3,3
05644,3,3
05645,1,1
05646,2,2
05647,3,3
05648,2,3
05649,5,5
05650,4,4
05651,0,0
05652,4,4
05653,4,4
05654,1,1
05655,3,3
05656,0,0
05657,1,1
05658,2,2
05659,0,0
05660,6,6
05661,4,4
05662,0,0
05663,3,3
05664,4,4
05665,3,3
05666,4,4
05667,2,2
05668,4,4
05669,5,6
05670,0,0
05671,4,4
05672,2,2
05673,2,2
05674,4,4
05675,2,2
05676,4,4
05677,4,4
05678,0,0
05679,4,4
05680,0,0
05681,6,6
05682,2,2
05683,1,1
05684,5,5
05685,3,3
05686,2,2
05687,5,5
05688,1,1
05689,1,1
05690,6,6
05691,4,4
05692,2,2
05693,0,0
05694,4,4
05695,2,2
05696,0,2
05697,0,0
05698,2,2
05699,5,5
05700,0,0
05701,1,1
05702,3,3
05703,1,1
05704,5,1
05705,1,1
05706,4,0
05707,1,1
05708,0,0
05709,3,3
05710,3,3
05711,1,1
05712,1,1
05713,2,2
05714,1,1
05715,3,3
05716,4,4
05717,0,0
05718,2,2
05719,2,2
05720,2,2
05721,1,1
05722,0,0
05723,2,2
05724,4,4
05725,4,4
05726,1,1
05727,0,0
05728,5,5
05729,0,0
05730,2,2
05731,6,6
05732,1,1
05733,0,0
05734,3,3
05735,1,1
05736,0,0
05737,2,2
05738,2,2
05739,4,4
05740,0,0
05741,0,0
05742,5,6
05743,1,1
05744,3,3
05745,2,2
05746,4,4
05747,1,1
05748,3,3
05749,0,0
05750,1,1
05751,3,3
05752,0,0
05753,2,2
05754,0,0
05755,4,4
05756,0,0
05757,2,0
05758,2,2
05759,4,4
05760,1,1
05761,4,4
05762,1,1
05763,1,1
05764,3,3
05765,0,0
05766,4,4
05767,4,4
05768,1,1
05769,2,2
05770,4,4
05771,1,1
05772,1,1
05773,3,3
05774,2,2
05775,0,0
05776,4,4
05777,0,0
05778,2,2
05779,4,4
05780,0,0
05781,0,0
05782,1,1
05783,3,3
05784,5,4
05785,4,4
05786,2,2
05787,3,3
05788,0,0
05789,4,4
05790,4,4
05791,5,5
05792,1,1
05793,3,3
05794,4,4
05795,4,4
05796,1,1
05797,3,3
05798,2,2
05799,4,4
05800,1,1
05801,0,0
05802,1,1
05803,5,5
05804,3,3
05805,1,1
05806,1,1
05807,2,2
05808,0,0
05809,2,2
05810,0,0
05811,4,4
05812,3,3
05813,3,3
05814,0,0
05815,1,1
05816,2,2
05817,1,1
05818,3,3
05819,4,4
05820,1,1
05821,1,1
05822,3,3
05823,0,0
05824,5,5
05825,0,0
05826,1,3
05827,0,0
05828,1,1
05829,0,0
05830,1,1
05831,1,1
05832,0,0
05833,0,0
05834,4,4
05835,4,4
05836,1,1
05837,4,4
05838,0,0
05839,2,2
05840,3,3
05841,2,2
05842,4,4
05843,4,4
05844,3,3
05845,4,4
05846,1,1
05847,1,1
05848,3,3
05849,3,3
05850,0,0
05851,4,4
05852,0,0
05853,3,3
05854,3,3
05855,3,3
05856,2,2
05857,0,0
05858,2,2
05859,3,3
05860,4,4
05861,0,0
05862,3,3
05863,1,1
05864,4,4
05865,3,3
05866,4,4
05867,6,6
05868,1,1
05869,4,4
05870,1,1
05871,0,0
05872,4,4
05873,3,3
05874,3,3
05875,1,1
05876,0,0
05877,0,0
05878,0,0
05879,1,1
05880,4,4
05881,2,3
05882,2,2
05883,4,4
05884,4,4
05885,5,6
05886,5,5
05887,2,2
05888,3,3
05889,0,0
05890,5,2
05891,1,1
05892,1,1
05893,2,2
05894,0,0
05895,0,0
05896,3,3
05897,4,4
05898,5,5
05899,4,4
05900,3,3
05901,4,4
05902,2,2
05903,2,2
05904,3,3
05905,2,2
05906,3,3
05907,1,1
05908,3,3
05909,3,3
05910,3,3
05911,1,1
05912,0,0
05913,0,0
05914,1,1
05915,2,2
05916,5,5
05917,4,4
05918,3,3
05919,3,3
05920,5,5
05921,4,4
05922,1,1
05923,4,4
05924,6,6
05925,2,2
05926,4,4
05927,0,0
05928,1,1
05929,4,4
05930,3,3
05931,0,0
05932,6,6
05933,2,2
05934,4,4
05935,0,0
05936,0,0
05937,0,0
05938,0,0
05939,6,6
05940,3,3
05941,3,3
05942,2,2
05943,1,1
05944,0,0
05945,1,1
05946,4,4
05947,1,1
05948,3,3
05949,2,2
05950,3,3
05951,4,4
05952,0,0
05953,2,2
05954,5,5
05955,3,3
05956,3,3
05957,0,0
05958,2,2
05959,2,2
05960,1,1
05961,0,0
05962,4,4
05963,2,2
05964,3,3
05965,3,3
05966,2,2
05967,0,0
05968,4,4
05969,3,3
05970,2,2
05971,2,2
05972,6,6
05973,0,0
05974,2,2
05975,4,4
05976,3,3
05977,1,1
05978,6,6
05979,1,1
05980,3,3
05981,4,4
05982,4,4
05983,3,3
05984,3,3
05985,5,6
05986,5,5
05987,4,4
05988,3,3
05989,6,6
05990,2,2
05991,2,2
05992,2,2
05993,0,0
05994,2,2
05995,2,2
05996,3,3
05997,2,2
05998,3,3
05999,1,1
06000,0,0
06001,0,0
06002,0,0
06003,0,0
06004,4,4
06005,1,1
06006,2,2
06007,2,2
06008,1,1
06009,4,4
06010,1,1
06011,1,1
06012,3,3
06013,6,6
06014,2,3
06015,4,4
06016,0,0
06017,4,4
06018,2,2
06019,1,1
06020,1,1
06021,2,2
06022,3,3
06023,3,3
06024,0,0
06025,1,1
06026,4,4
06027,1,1
06028,0,0
06029,4,4
06030,4,4
06031,2,2
06032,1,1
06033,0,0
06034,2,2
06035,2,2
06036,5,5
06037,1,1
06038,0,0
06039,1,1
06040,6,6
06041,0,0
06042,1,1
06043,2,2
06044,1,1
06045,1,1
06046,3,3
06047,2,2
06048,3,3
06049,3,3
06050,1,1
06051,5,2
06052,0,0
06053,5,5
06054,2,2
06055,1,1
06056,3,3
06057,4,4
06058,4,4
06059,2,2
06060,1,1
06061,3,3
06062,4,4
06063,4,4
06064,4,4
06065,1,1
06066,0,0
06067,3,4
06068,3,3
06069,0,0
06070,1,1
06071,3,3
06072,0,0
06073,1,1
06074,6,6
06075,2,2
06076,2,2
06077,5,5
06078,4,4
06079,3,3
06080,3,3
06081,0,0
06082,3,3
06083,0,0
06084,1,1
06085,2,2
06086,0,0
06087,1,1
06088,6,6
06089,3,3
06090,4,4
06091,0,0
06092,1,1
06093,2,2
06094,1,0
06095,3,3
06096,3,3
06097,1,1
06098,3,3
06099,0,0
06100,1,1
06101,1,1
06102,3,3
06103,4,4
06104,0,0
06105,5,6
06106,0,0
06107,3,3
06108,1,1
06109,4,4
06110,2,2
06111,0,0
06112,4,4
06113,3,3
06114,3,3
06115,3,3
06116,3,3
06117,5,5
06118,4,4
06119,3,3
06120,1,1
06121,0,0
06122,4,4
06123,1,1
06124,0,0
06125,4,4
06126,0,0
06127,4,4
06128,1,1
06129,3,3
06130,2,2
06131,4,4
06132,3,3
06133,1,1
06134,6,6
06135,2,2
06136,4,4
06137,4,4
06138,1,1
06139,6,6
06140,2,2
06141,1,1
06142,3,3
06143,0,0
06144,2,2
06145,5,6
06146,5,5
06147,3,3
06148,0,0
06149,1,3
06150,5,5
06151,0,0
06152,2,2
06153,1,0
06154,2,2
06155,3,3
06156,0,0
06157,4,4
06158,5,5
06159,4,4
06160,1,1
06161,1,1
06162,1,1
06163,1,1
06164,1,1
06165,3,3
06166,5,5
06167,1,1
06168,1,0
06169,1,1
06170,1,1
06171,2,2
06172,4,4
06173,1,1
06174,2,2
06175,2,2
06176,2,2
06177,2,3
06178,3,3
06179,4,4
06180,3,3
06181,2,2
06182,1,1
06183,6,6
06184,0,0
06185,3,3
06186,0,0
06187,1,1
06188,4,4
06189,0,0
06190,1,1
06191,6,6
06192,3,3
06193,1,1
06194,3,3
06195,3,3
06196,3,3
06197,3,3
06198,4,4
06199,2,2
06200,3,3
06201,2,2
06202,0,0
06203,3,3
06204,1,1
06205,4,4
06206,1,1
06207,6,6
06208,6,6
06209,3,3
06210,0,0
06211,3,3
06212,3,3
06213,0,0
06214,3,3
06215,4,4
06216,2,2
06217,5,5
06218,1,1
06219,4,4
06220,2,2
06221,0,0
06222,1,1
06223,2,2
06224,4,4
06225,5,5
06226,1,1
06227,2,2
06228,3,3
06229,2,2
06230,0,0
06231,4,4
06232,1,1
06233,1,1
06234,1,1
06235,0,0
06236,4,4
06237,0,0
06238,4,4
06239,0,0
06240,6,6
06241,1,1
06242,3,3
06243,2,2
06244,1,1
06245,0,0
06246,1,1
06247,0,0
06248,1,1
06249,4,4
06250,1,1
06251,4,4
06252,3,3
06253,2,2
06254,1,1
06255,5,5
06256,1,1
06257,1,1
06258,4,4
06259,5,5
06260,1,1
06261,3,3
06262,4,4
06263,1,1
06264,1,1
06265,3,3
06266,6,6
06267,3,3
06268,1,1
06269,3,3
06270,4,4
06271,5,5
06272,3,3
06273,3,3
06274,2,2
06275,6,6
06276,0,0
06277,0,0
06278,0,0
06279,0,0
06280,1,1
06281,4,4
06282,3,3
06283,3,3
06284,1,1
06285,5,5
06286,2,2
06287,3,3
06288,4,4
06289,1,1
06290,3,3
06291,3,3
06292,5,5
06293,4,4
06294,5,5
06295,2,2
06296,0,0
06297,0,0
06298,6,6
06299,3,3
06300,2,2
06301,6,6
06302,2,2
06303,0,0
06304,0,0
06305,4,4
06306,6,6
06307,0,0
06308,1,1
06309,4,4
06310,4,4
06311,5,5
06312,1,1
06313,6,6
06314,4,4
06315,4,4
06316,2,2
06317,2,2
06318,3,3
06319,3,3
06320,6,6
06321,0,0
06322,4,4
06323,0,0
06324,0,0
06325,0,0
06326,0,0
06327,1,1
06328,0,0
06329,3,3
06330,1,1
06331,0,0
06332,3,3
06333,1,1
06334,3,3
06335,4,4
06336,0,0
06337,3,3
06338,4,4
06339,5,5
06340,5,5
06341,1,1
06342,4,4
06343,0,0
06344,4,4
06345,4,4
06346,3,3
06347,2,2
06348,2,2
06349,6,6
06350,2,2
06351,2,2
06352,6,6
06353,4,4
06354,0,0
06355,0,0
06356,1,1
06357,4,4
06358,6,6
06359,2,2
06360,4,4
06361,1,1
06362,3,3
06363,4,4
06364,1,1
06365,4,4
06366,3,3
06367,1,1
06368,1,1
06369,2,2
06370,5,5
06371,1,1
06372,0,0
06373,0,0
06374,6,6
06375,3,3
06376,3,3
06377,1,1
06378,6,6
06379,0,0
06380,1,1
06381,3,3
06382,2,2
06383,1,1
06384,0,0
06385,4,4
06386,3,3
06387,0,0
06388,2,2
06389,6,6
06390,1,1
06391,5,5
06392,1,1
06393,3,3
06394,0,0
06395,3,3
06396,3,3
06397,4,4
06398,3,3
06399,4,4
06400,1,1
06401,0,0
06402,6,6
06403,4,4
06404,1,1
06405,4,4
06406,6,3
06407,5,5
06408,2,2
06409,6,6
06410,4,4
06411,3,3
06412,6,6
06413,0,0
06414,0,0
06415,6,3
06416,5,5
06417,6,6
06418,4,4
06419,0,0
06420,0,0
06421,4,4
06422,3,3
06423,5,6
06424,2,2
06425,0,0
06426,0,0
06427,2,2
06428,1,1
06429,2,2
06430,3,3
06431,4,4
06432,0,0
06433,1,1
06434,6,6
06435,3,3
06436,2,2
06437,4,4
06438,3,3
06439,4,4
06440,2,2
06441,3,3
06442,0,0
06443,0,0
06444,6,6
06445,5,5
06446,3,3
06447,2,2
06448,2,2
06449,2,2
06450,2,2
06451,6,3
06452,6,6
06453,4,4
06454,3,3
06455,4,4
06456,1,1
06457,1,1
06458,4,4
06459,0,0
06460,1,1
06461,2,2
06462,6,6
06463,1,1
06464,1,1
06465,4,4
06466,1,1
06467,0,0
06468,2,2
06469,6,3
06470,0,0
06471,5,5
06472,0,0
06473,2,2
06474,2,2
06475,2,2
06476,2,2
06477,4,4
06478,2,2
06479,1,1
06480,0,0
06481,3,3
06482,1,1
06483,1,1
06484,3,3
06485,1,1
06486,3,3
06487,6,6
06488,1,1
06489,6,6
06490,2,2
06491,2,2
06492,4,4
06493,2,2
06494,3,3
06495,0,0
06496,1,1
06497,4,4
06498,3,3
06499,3,3
06500,2,2
06501,4,4
06502,0,0
06503,4,4
06504,1,0
06505,2,2
06506,4,4
06507,4,4
06508,1,1
06509,0,0
06510,4,4
06511,1,1
06512,0,0
06513,0,0
06514,2,2
06515,2,2
06516,0,0
06517,4,4
06518,4,4
06519,1,1
06520,2,2
06521,1,1
06522,5,5
06523,4,4
06524,2,2
06525,2,2
06526,0,0
06527,1,1
06528,4,4
06529,2,2
06530,2,2
06531,2,2
06532,6,6
06533,4,4
06534,0,0
06535,4,4
06536,3,3
06537,2,2
06538,0,0
06539,0,0
06540,1,1
06541,1,1
06542,4,4
06543,4,4
06544,2,2
06545,0,0
06546,2,2
06547,1,1
06548,2,2
06549,0,0
06550,3,3
06551,1,1
06552,4,4
06553,2,2
06554,3,3
06555,3,3
06556,4,4
06557,1,1
06558,2,2
06559,1,1
06560,4,4
06561,0,0
06562,3,3
06563,2,2
06564,4,4
06565,2,2
06566,2,2
06567,6,6
06568,4,4
06569,3,3
06570,4,4
06571,1,0
06572,1,1
06573,1,1
06574,3,3
06575,3,3
06576,0,0
06577,1,1
06578,0,0
06579,0,0
06580,1,1
06581,5,5
06582,4,4
06583,1,1
06584,0,0
06585,1,1
06586,1,1
06587,0,0
06588,0,0
06589,3,3
06590,4,4
06591,1,1
06592,3,3
06593,2,2
06594,3,3
06595,2,2
06596,4,4
06597,3,3
06598,1,1
06599,5,5
06600,2,2
06601,2,2
06602,5,2
06603,5,5
06604,1,1
06605,1,1
06606,1,1
06607,4,4
06608,3,3
06609,5,5
06610,4,4
06611,1,1
06612,2,2
06613,1,1
06614,4,4
06615,4,4
06616,0,0
06617,3,3
06618,2,2
06619,3,3
06620,0,0
06621,2,2
06622,1,1
06623,3,3
06624,0,0
06625,1,1
06626,4,4
06627,4,4
06628,4,4
06629,3,3
06630,2,2
06631,3,3
06632,4,4
06633,2,2
06634,3,3
06635,2,2
06636,2,2
06637,3,3
06638,0,0
06639,0,0
06640,3,3
06641,6,6
06642,3,3
06643,1,1
06644,1,1
06645,4,4
06646,2,2
06647,2,3
06648,2,2
06649,3,3
06650,3,3
06651,2,2
06652,3,2
06653,4,4
06654,3,3
06655,2,2
06656,0,0
06657,6,6
06658,5,5
06659,4,4
06660,2,2
06661,0,0
06662,0,0
06663,4,4
06664,6,6
06665,1,1
06666,3,3
06667,2,2
06668,0,0
06669,1,1
06670,0,0
06671,5,5
06672,3,3
06673,5,5
06674,6,6
06675,5,5
06676,2,2
06677,3,3
06678,5,5
06679,4,4
06680,3,3
06681,0,0
06682,0,0
06683,1,1
06684,5,5
06685,2,2
06686,0,0
06687,3,3
06688,4,4
06689,3,3
06690,2,2
06691,4,4
06692,2,2
06693,0,0
06694,3,3
06695,1,1
06696,3,3
06697,6,6
06698,4,4
06699,2,2
06700,4,4
06701,1,1
06702,0,0
06703,6,6
06704,4,4
06705,1,1
06706,4,4
06707,1,1
06708,2,2
06709,4,4
06710,1,1
06711,1,1
06712,6,6
06713,6,6
06714,1,1
06715,0,3
06716,0,0
06717,3,3
06718,0,0
06719,2,2
06720,3,3
06721,2,3
06722,3,3
06723,4,4
06724,5,5
06725,0,0
06726,2,2
06727,3,3
06728,1,1
06729,2,2
06730,4,4
06731,4,4
06732,0,0
06733,3,3
06734,0,0
06735,1,1
06736,0,1
06737,1,1
06738,3,3
06739,2,2
06740,0,0
06741,1,1
06742,2,2
06743,4,4
06744,1,1
06745,4,4
06746,6,6
06747,0,0
06748,2,2
06749,1,1
06750,1,1
06751,2,2
06752,0,0
06753,4,4
06754,0,0
06755,4,4
06756,0,0
06757,2,2
06758,0,0
06759,4,4
06760,6,6
06761,4,4
06762,4,4
06763,0,0
06764,3,3
06765,0,0
06766,6,6
06767,2,2
06768,4,4
06769,2,2
06770,5,5
06771,1,0
06772,3,3
06773,1,1
06774,1,1
06775,1,1
06776,1,1
06777,3,3
06778,3,3
06779,0,0
06780,1,1
06781,1,1
06782,0,0
06783,2,2
06784,1,1
06785,4,4
06786,3,3
06787,2,2
06788,3,3
06789,3,3
06790,2,2
06791,4,4
06792,3,3
06793,1,1
06794,2,2
06795,1,1
06796,1,1
06797,4,4
06798,1,1
06799,2,2
06800,3,3
06801,2,2
06802,1,0
06803,2,2
06804,4,4
06805,0,0
06806,2,2
06807,1,1
06808,3,3
06809,0,0
06810,4,4
06811,0,0
06812,1,1
06813,1,1
06814,4,4
06815,0,0
06816,1,1
06817,1,1
06818,3,3
06819,2,2
06820,2,2
06821,0,0
06822,3,3
06823,0,0
06824,0,0
06825,3,3
06826,5,5
06827,0,2
06828,1,1
06829,0,0
06830,0,0
06831,1,1
06832,1,1
06833,3,3
06834,2,2
06835,1,1
06836,4,4
06837,0,0
06838,0,0
06839,0,0
06840,0,0
06841,5,5
06842,2,2
06843,3,3
06844,3,3
06845,4,4
06846,2,3
06847,3,3
06848,0,0
06849,3,3
06850,3,3
06851,4,4
06852,4,4
06853,3,3
06854,4,4
06855,4,4
06856,4,4
06857,0,0
06858,2,2
06859,1,1
06860,1,1
06861,6,6
06862,2,2
06863,0,0
06864,0,0
06865,3,3
06866,6,6
06867,1,1
06868,3,3
06869,0,0
06870,1,1
06871,1,1
06872,4,4
06873,3,3
06874,6,3
06875,2,2
06876,2,2
06877,0,0
06878,4,4
06879,4,4
06880,1,1
06881,1,1
06882,2,2
06883,6,6
06884,0,0
06885,0,0
06886,3,3
06887,2,2
06888,4,4
06889,1,1
06890,1,1
06891,0,0
06892,2,3
06893,1,1
06894,3,3
06895,0,0
06896,0,0
06897,4,4
06898,4,4
06899,4,4
06900,6,6
06901,6,6
06902,1,1
06903,3,3
06904,4,4
06905,1,1
06906,2,2
06907,0,0
06908,3,3
06909,0,0
06910,0,0
06911,6,6
06912,1,1
06913,6,6
06914,6,6
06915,1,1
06916,1,1
06917,1,1
06918,0,0
06919,1,1
06920,0,0
06921,0,0
06922,0,0
06923,3,3
06924,2,2
06925,4,4
06926,0,0
06927,4,4
06928,0,0
06929,5,5
06930,0,0
06931,0,0
06932,1,1
06933,6,6
06934,3,3
06935,4,4
06936,3,2
06937,1,1
06938,0,0
06939,0,0
06940,1,1
06941,4,4
06942,4,4
06943,2,2
06944,2,2
06945,3,3
06946,3,3
06947,5,5
06948,2,2
06949,3,3
06950,0,3
06951,4,4
06952,4,4
06953,1,1
06954,1,1
06955,4,4
06956,1,1
06957,5,5
06958,5,5
06959,0,0
06960,0,0
06961,4,4
06962,0,0
06963,4,4
06964,2,2
06965,0,0
06966,3,3
06967,1,1
06968,2,2
06969,2,2
06970,4,4
06971,2,2
06972,2,2
06973,1,1
06974,3,3
06975,4,4
06976,0,0
06977,1,1
06978,0,0
06979,4,4
06980,6,6
06981,0,0
06982,1,1
06983,3,3
06984,2,2
06985,0,0
06986,4,4
06987,1,1
06988,4,4
06989,3,3
06990,4,4
06991,2,2
06992,2,2
06993,3,0
06994,0,0
06995,2,2
06996,0,0
06997,0,0
06998,0,0
06999,0,0
07000,4,4
07001,3,3
07002,2,2
07003,4,4
07004,2,2
07005,4,4
07006,4,4
07007,0,0
07008,1,1
07009,1,1
07010,4,4
07011,0,0
07012,2,2
07013,5,5
07014,2,2
07015,4,4
07016,2,2
07017,1,1
07018,1,1
07019,0,0
07020,0,0
07021,0,0
07022,1,1
07023,4,4
07024,4,4
07025,0,0
07026,3,3
07027,4,4
07028,1,1
07029,0,0
07030,2,2
07031,0,0
07032,2,2
07033,2,2
07034,4,4
07035,2,2
07036,3,3
07037,0,0
07038,1,1
07039,2,2
07040,0,0
07041,4,4
07042,1,1
07043,4,4
07044,5,5
07045,2,2
07046,3,3
07047,5,6
07048,3,3
07049,2,2
07050,4,4
07051,1,1
07052,6,6
07053,4,4
07054,4,4
07055,2,2
07056,5,5
07057,1,1
07058,0,0
07059,2,2
07060,4,4
07061,4,4
07062,3,3
07063,1,1
07064,6,6
07065,1,1
07066,0,0
07067,2,2
07068,2,2
07069,1,1
07070,3,3
07071,3,2
07072,0,0
07073,4,4
07074,6,6
07075,5,0
07076,0,0
07077,3,3
07078,0,0
07079,1,1
07080,3,3
07081,1,1
07082,2,2
07083,1,1
07084,3,3
07085,0,0
07086,2,2
07087,4,4
07088,4,4
07089,4,4
07090,0,0
07091,3,3
07092,0,0
07093,1,1
07094,2,2
07095,4,4
07096,1,1
07097,0,0
07098,6,6
07099,6,6
07100,4,4
07101,3,3
07102,2,2
07103,6,3
07104,3,3
07105,4,4
07106,6,6
07107,4,4
07108,2,2
07109,4,4
07110,0,0
07111,4,4
07112,4,4
07113,4,4
07114,0,0
07115,0,0
07116,2,2
07117,2,2
07118,1,1
07119,1,1
07120,1,1
07121,1,1
07122,1,1
07123,0,0
07124,2,2
07125,4,4
07126,1,1
07127,4,4
07128,4,4
07129,1,1
07130,5,5
07131,0,0
07132,6,6
07133,3,3
07134,0,0
07135,0,0
07136,1,1
07137,2,2
07138,3,3
07139,4,4
07140,4,4
07141,2,2
07142,4,4
07143,5,6
07144,1,1
07145,0,0
07146,6,6
07147,2,2
07148,1,1
07149,1,1
07150,1,1
07151,1,1
07152,1,1
07153,4,4
07154,4,4
07155,2,2
07156,2,2
07157,4,4
07158,2,2
07159,1,1
07160,4,4
07161,5,5
07162,1,1
07163,5,5
07164,1,1
07165,0,0
07166,1,1
07167,1,1
07168,3,3
07169,0,0
07170,4,4
07171,4,4
07172,6,6
07173,0,0
07174,4,4
07175,0,0
07176,0,0
07177,1,1
07178,1,1
07179,1,1
07180,1,1
07181,0,0
07182,2,2
07183,0,0
07184,2,2
07185,2,2
07186,3,3
07187,1,1
07188,2,2
07189,1,1
07190,0,0
07191,0,0
07192,1,1
07193,2,2
07194,6,6
07195,1,1
07196,2,2
07197,1,1
07198,0,0
07199,2,2
07200,2,2
07201,6,6
07202,4,4
07203,0,0
07204,2,2
07205,1,1
07206,1,1
07207,2,2
07208,3,3
07209,2,2
07210,4,4
07211,1,1
07212,4,4
07213,6,6
07214,3,3
07215,4,4
07216,1,1
07217,1,1
07218,0,0
07219,1,1
07220,4,4
07221,3,3
07222,2,0
07223,0,0
07224,2,2
07225,6,6
07226,3,3
07227,3,3
07228,2,2
07229,1,1
07230,1,1
07231,3,3
07232,4,4
07233,3,3
07234,0,0
07235,1,1
07236,0,0
07237,6,6
07238,1,1
07239,3,3
07240,4,4
07241,2,2
07242,4,4
07243,4,4
07244,0,0
07245,2,2
07246,4,4
07247,5,3
07248,4,4
07249,2,2
07250,2,2
07251,4,4
07252,1,1
07253,4,4
07254,1,1
07255,5,5
07256,1,1
07257,0,0
07258,2,2
07259,0,0
07260,4,4
07261,3,3
07262,2,2
07263,4,4
07264,0,0
07265,3,3
07266,0,0
07267,4,4
07268,4,4
07269,0,0
07270,4,4
07271,6,6
07272,1,1
07273,2,2
07274,3,3
07275,0,0
07276,1,1
07277,0,0
07278,3,3
07279,4,4
07280,3,3
07281,1,1
07282,0,0
07283,6,6
07284,0,0
07285,1,1
07286,5,6
07287,1,1
07288,1,1
07289,1,1
07290,4,4
07291,1,1
07292,2,2
07293,4,4
07294,2,2
07295,0,0
07296,1,1
07297,4,4
07298,0,0
07299,0,0
07300,2,2
07301,3,3
07302,2,2
07303,2,2
07304,1,1
07305,1,1
07306,5,5
07307,2,2
07308,4,4
07309,0,0
07310,2,2
07311,1,1
07312,2,2
07313,1,1
07314,3,3
07315,4,4
07316,3,3
07317,6,6
07318,0,0
07319,0,0
07320,2,2
07321,1,1
07322,0,0
07323,5,5
07324,0,0
07325,3,3
07326,0,0
07327,4,4
07328,4,4
07329,4,4
07330,1,1
07331,4,4
07332,4,4
07333,3,3
07334,3,3
07335,4,4
07336,2,2
07337,1,1
07338,6,6
07339,4,4
07340,1,1
07341,3,3
07342,4,4
07343,2,2
07344,2,2
07345,1,1
07346,4,4
07347,3,3
07348,0,0
07349,0,0
07350,0,0
07351,0,0
07352,3,3
07353,1,1
07354,2,2
07355,6,6
07356,1,1
07357,0,0
07358,0,0
07359,4,4
07360,1,1
07361,0,0
07362,0,0
07363,5,6
07364,1,1
07365,4,4
07366,0,0
07367,3,3
07368,6,6
07369,2,2
07370,1,1
07371,6,6
07372,1,0
07373,0,0
07374,4,4
07375,0,0
07376,0,0
07377,6,6
07378,6,6
07379,1,1
07380,6,6
07381,3,6
07382,0,0
07383,3,3
07384,2,2
07385,0,0
07386,0,0
07387,4,4
07388,0,0
07389,6,6
07390,3,3
07391,1,1
07392,0,0
07393,1,1
07394,3,3
07395,1,1
07396,1,1
07397,2,2
07398,4,4
07399,2,2
07400,0,0
07401,2,2
07402,3,3
07403,4,4
07404,2,2
07405,2,2
07406,2,2
07407,5,5
07408,2,2
07409,4,4
07410,2,2
07411,0,0
07412,1,1
07413,6,6
07414,4,4
07415,6,6
07416,0,0
07417,1,1
07418,0,0
07419,0,0
07420,1,4
07421,4,4
07422,4,4
07423,3,3
07424,5,5
07425,3,3
07426,1,1
07427,3,3
07428,1,1
07429,3,3
07430,4,4
07431,3,3
07432,2,2
07433,3,3
07434,4,4
07435,3,3
07436,0,0
07437,3,3
07438,0,0
07439,3,3
07440,0,0
07441,3,3
07442,1,1
07443,1,1
07444,2,2
07445,1,1
07446,2,2
07447,1,1
07448,2,2
07449,4,4
07450,1,1
07451,2,2
07452,0,0
07453,0,0
07454,3,3
07455,0,0
07456,0,0
07457,1,1
07458,0,0
07459,4,4
07460,0,0
07461,0,0
07462,0,0
07463,1,1
07464,3,3
07465,4,4
07466,4,4
07467,4,4
07468,4,4
07469,4,4
07470,4,4
07471,5,5
07472,0,0
07473,4,4
07474,3,3
07475,3,3
07476,2,3
07477,0,0
07478,3,3
07479,2,2
07480,1,1
07481,5,1
07482,0,0
07483,3,3
07484,4,4
07485,2,2
07486,3,3
07487,0,0
07488,0,0
07489,2,2
07490,2,2
07491,0,0
07492,1,1
07493,1,1
07494,4,4
07495,1,1
07496,3,3
07497,3,3
07498,0,0
07499,0,0
07500,0,0
07501,1,1
07502,1,1
07503,2,2
07504,3,3
07505,3,3
07506,4,4
07507,1,1
07508,2,2
07509,4,4
07510,0,0
07511,6,6
07512,1,1
07513,4,4
07514,3,3
07515,1,1
07516,1,1
07517,2,2
07518,1,1
07519,5,5
07520,3,3
07521,0,0
07522,2,2
07523,3,3
07524,0,0
07525,0,0
07526,3,3
07527,4,4
07528,4,4
07529,1,1
07530,6,6
07531,3,3
07532,2,2
07533,0,0
07534,2,3
07535,5,5
07536,1,1
07537,3,3
07538,5,5
07539,2,2
07540,3,3
07541,4,4
07542,0,0
07543,2,2
07544,3,3
07545,5,5
07546,4,4
07547,4,4
07548,3,3
07549,1,1
07550,0,0
07551,1,1
07552,2,2
07553,0,0
07554,3,3
07555,2,2
07556,0,0
07557,2,3
07558,0,0
07559,4,4
07560,3,2
07561,5,5
07562,0,0
07563,3,3
07564,1,1
07565,2,2
07566,4,4
07567,0,0
07568,4,4
07569,3,3
07570,1,1
07571,6,6
07572,4,4
07573,4,4
07574,4,4
07575,1,1
07576,1,1
07577,1,1
07578,1,1
07579,0,0
07580,2,2
07581,4,4
07582,5,5
07583,4,4
07584,6,6
07585,2,2
07586,0,0
07587,3,3
07588,4,4
07589,1,1
07590,4,4
07591,0,0
07592,2,2
07593,0,0
07594,0,0
07595,3,3
07596,1,1
07597,2,2
07598,3,3
07599,0,0
07600,1,1
07601,3,3
07602,0,0
07603,0,0
07604,3,3
07605,2,2
07606,2,2
07607,3,3
07608,4,4
07609,1,1
07610,4,4
07611,4,4
07612,2,2
07613,4,4
07614,3,3
07615,2,2
07616,1,1
07617,2,3
07618,6,6
07619,1,1
07620,1,1
07621,3,3
07622,3,3
07623,0,0
07624,4,4
07625,3,3
07626,0,0
07627,3,3
07628,0,0
07629,1,1
07630,6,6
07631,1,1
07632,3,3
07633,0,0
07634,0,0
07635,1,1
07636,4,4
07637,4,4
07638,6,6
07639,4,4
07640,1,1
07641,0,0
07642,5,5
07643,3,3
07644,0,0
07645,4,4
07646,6,6
07647,2,2
07648,0,0
07649,3,3
07650,0,0
07651,0,0
07652,1,1
07653,1,1
07654,0,0
07655,1,1
07656,0,0
07657,4,4
07658,0,0
07659,5,5
07660,2,2
07661,3,3
07662,4,4
07663,0,0
07664,1,1
07665,2,2
07666,0,0
07667,3,3
07668,2,2
07669,1,1
07670,3,2
07671,1,1
07672,0,0
07673,0,0
07674,1,1
07675,6,6
07676,2,2
07677,3,3
07678,1,1
07679,3,3
07680,2,2
07681,0,0
07682,0,0
07683,0,0
07684,4,4
07685,1,1
07686,3,3
07687,0,0
07688,1,1
07689,3,3
07690,0,0
07691,1,1
07692,3,3
07693,1,1
07694,0,0
07695,0,0
07696,3,3
07697,4,4
07698,3,3
07699,2,2
07700,6,6
07701,5,5
07702,3,3
07703,3,3
07704,1,1
07705,6,6
07706,5,0
07707,4,4
07708,2,2
07709,2,2
07710,4,4
07711,4,4
07712,2,2
07713,4,4
07714,0,0
07715,0,0
07716,3,3
07717,2,3
07718,5,5
07719,2,2
07720,2,2
07721,4,4
07722,1,1
07723,0,0
07724,1,1
07725,2,2
07726,1,1
07727,4,4
07728,6,6
07729,4,4
07730,2,2
07731,2,2
07732,0,0
07733,6,6
07734,4,4
07735,0,0
07736,1,1
07737,2,2
07738,1,1
07739,4,4
07740,0,0
07741,3,3
07742,2,2
07743,2,0
07744,4,4
07745,0,0
07746,2,2
07747,0,0
07748,1,1
07749,0,0
07750,6,6
07751,2,2
07752,4,4
07753,4,4
07754,0,0
07755,4,4
07756,1,1
07757,0,0
07758,2,3
07759,3,3
07760,1,1
07761,0,0
07762,3,3
07763,3,3
07764,3,3
07765,6,6
07766,4,4
07767,1,1
07768,3,3
07769,3,3
07770,2,0
07771,4,4
07772,5,5
07773,2,2
07774,4,4
07775,3,3
07776,4,4
07777,0,0
07778,1,1
07779,6,6
07780,1,1
07781,0,0
07782,1,1
07783,6,6
07784,4,4
07785,3,3
07786,0,0
07787,6,3
07788,6,6
07789,1,1
07790,3,3
07791,4,4
07792,0,0
07793,0,0
07794,2,2
07795,3,3
07796,0,0
07797,4,4
07798,3,3
07799,3,3
07800,2,2
07801,1,1
07802,4,4
07803,4,4
07804,1,1
07805,1,1
07806,1,1
07807,3,3
07808,1,1
07809,0,0
07810,5,5
07811,3,3
07812,4,4
07813,0,0
07814,4,4
07815,1,1
07816,3,3
07817,4,4
07818,6,6
07819,0,0
07820,2,2
07821,3,3
07822,3,3
07823,0,0
07824,1,1
07825,0,0
07826,4,4
07827,2,2
07828,0,0
07829,4,4
07830,0,0
07831,3,3
07832,4,4
07833,3,3
07834,1,1
07835,1,1
07836,4,4
07837,2,2
07838,4,4
07839,1,1
07840,4,4
07841,2,2
07842,2,2
07843,1,1
07844,1,0
07845,3,3
07846,3,3
07847,1,1
07848,2,2
07849,2,2
07850,6,6
07851,1,1
07852,1,1
07853,2,2
07854,1,1
07855,4,4
07856,4,4
07857,3,3
07858,4,4
07859,3,3
07860,4,4
07861,1,1
07862,6,6
07863,4,4
07864,4,4
07865,4,4
07866,5,5
07867,3,3
07868,4,4
07869,2,2
07870,0,0
07871,2,2
07872,4,4
07873,2,2
07874,3,3
07875,0,0
07876,3,3
07877,2,2
07878,2,3
07879,4,4
07880,4,4
07881,4,4
07882,3,3
07883,3,3
07884,4,4
07885,4,4
07886,4,4
07887,4,4
07888,2,2
07889,0,0
07890,0,0
07891,1,1
07892,2,2
07893,1,1
07894,2,2
07895,4,4
07896,2,2
07897,5,5
07898,3,3
07899,4,4
07900,0,0
07901,5,5
07902,4,4
07903,4,4
07904,0,0
07905,4,4
07906,4,4
07907,4,4
07908,0,0
07909,6,2
07910,3,3
07911,1,1
07912,0,0
07913,2,2
07914,1,1
07915,5,5
07916,0,0
07917,6,6
07918,3,3
07919,4,4
07920,2,2
07921,0,0
07922,0,0
07923,1,1
07924,2,4
07925,0,0
07926,4,4
07927,4,4
07928,1,1
07929,3,3
07930,0,0
07931,3,3
07932,5,5
07933,1,1
07934,4,4
07935,4,4
07936,0,0
07937,3,3
07938,2,2
07939,0,0
07940,2,2
07941,4,4
07942,6,6
07943,1,1
07944,2,2
07945,4,4
07946,3,3
07947,2,2
07948,4,4
07949,4,4
07950,1,1
07951,1,1
07952,4,4
07953,4,4
07954,1,1
07955,1,1
07956,4,4
07957,4,4
07958,3,3
07959,1,1
07960,2,2
07961,2,2
07962,1,1
07963,2,2
07964,4,4
07965,0,0
07966,0,0
07967,1,1
07968,0,0
07969,3,3
07970,1,1
07971,0,0
07972,3,3
07973,6,5
07974,1,1
07975,1,1
07976,1,1
07977,0,2
07978,0,0
07979,3,3
07980,2,3
07981,1,3
07982,0,0
07983,4,4
07984,1,1
07985,1,1
07986,5,5
07987,0,0
07988,3,3
07989,2,2
07990,3,3
07991,5,1
07992,0,0
07993,2,2
07994,6,6
07995,2,3
07996,6,6
07997,0,0
07998,1,1
07999,4,4
08000,4,4
08001,3,3
08002,3,3
08003,3,3
08004,3,3
08005,3,3
08006,6,6
08007,2,2
08008,3,3
08009,0,0
08010,2,3
08011,2,2
08012,1,1
08013,1,1
08014,2,2
08015,1,1
08016,0,0
08017,1,1
08018,1,1
08019,4,4
08020,2,2
08021,4,4
08022,0,0
08023,1,1
08024,4,4
08025,0,2
08026,0,0
08027,2,2
08028,3,0
08029,5,4
08030,4,4
08031,0,2
08032,4,4
08033,1,1
08034,2,2
08035,3,3
08036,0,0
08037,2,2
08038,1,1
08039,2,2
08040,2,2
08041,1,1
08042,0,0
08043,1,1
08044,0,0
08045,2,2
08046,4,4
08047,2,2
08048,2,4
08049,3,3
08050,4,4
08051,3,3
08052,3,3
08053,6,2
08054,4,4
08055,4,4
08056,1,1
08057,5,6
08058,1,1
08059,0,0
08060,4,4
08061,1,1
08062,4,4
08063,2,2
08064,1,1
08065,3,3
08066,2,2
08067,3,3
08068,3,3
08069,3,3
08070,1,0
08071,1,1
08072,4,4
08073,2,2
08074,2,2
08075,4,4
08076,1,1
08077,2,2
08078,4,4
08079,4,4
08080,1,1
08081,0,0
08082,2,2
08083,4,4
08084,1,1
08085,2,2
08086,4,4
08087,4,4
08088,2,2
08089,1,1
08090,0,0
08091,0,0
08092,1,1
08093,0,0
08094,1,1
08095,0,0
08096,1,0
08097,4,4
08098,2,2
08099,1,1
08100,1,1
08101,4,4
08102,3,3
08103,2,2
08104,3,3
08105,1,3
08106,4,4
08107,4,4
08108,0,0
08109,4,4
08110,1,1
08111,3,3
08112,2,2
08113,2,2
08114,0,0
08115,0,1
08116,1,1
08117,2,2
08118,3,3
08119,1,0
08120,1,1
08121,4,4
08122,5,5
08123,0,0
08124,3,3
08125,2,2
08126,5,5
08127,0,0
08128,0,0
08129,1,1
08130,6,6
08131,4,4
08132,1,1
08133,1,1
08134,1,1
08135,1,1
08136,4,4
08137,1,1
08138,4,4
08139,5,5
08140,1,1
08141,2,2
08142,3,3
08143,5,5
08144,0,0
08145,3,3
08146,3,3
08147,5,6
08148,5,5
08149,2,2
08150,2,2
08151,4,4
08152,0,0
08153,2,2
08154,4,4
08155,0,0
08156,2,2
08157,1,1
08158,6,6
08159,4,4
08160,3,3
08161,3,3
08162,3,3
08163,4,4
08164,4,4
08165,3,3
08166,1,1
08167,6,3
08168,1,1
08169,0,0
08170,2,2
08171,2,2
08172,1,1
08173,1,1
08174,2,2
08175,5,5
08176,4,4
08177,3,3
08178,2,2
08179,4,4
08180,4,4
08181,0,0
08182,1,1
08183,0,0
08184,3,6
08185,1,1
08186,4,4
08187,0,0
08188,4,4
08189,1,1
08190,0,3
08191,0,0
08192,3,3
08193,0,0
08194,1,0
08195,2,2
08196,0,0
08197,0,3
08198,4,4
08199,0,0
08200,2,2
08201,2,2
08202,2,2
08203,1,1
08204,3,3
08205,5,5
08206,2,2
08207,4,4
08208,6,6
08209,2,2
08210,6,6
08211,1,1
08212,3,3
08213,4,4
08214,2,2
08215,0,0
08216,1,1
08217,1,1
08218,0,0
08219,6,6
08220,3,3
08221,3,3
08222,3,3
08223,6,6
08224,2,3
08225,1,1
08226,1,1
08227,1,1
08228,0,0
08229,1,1
08230,2,2
08231,0,0
08232,1,0
08233,0,0
08234,6,2
08235,6,6
08236,1,1
08237,1,1
08238,1,1
08239,1,1
08240,2,2
08241,0,0
08242,6,6
08243,3,3
08244,2,2
08245,4,4
08246,1,1
08247,2,2
08248,1,1
08249,2,2
08250,3,3
08251,3,2
08252,5,5
08253,5,3
08254,2,2
08255,0,0
08256,0,1
08257,4,4
08258,2,3
08259,0,0
08260,4,4
08261,5,5
08262,2,2
08263,4,4
08264,4,4
08265,1,1
08266,4,4
08267,0,0
08268,2,2
08269,1,1
08270,2,2
08271,1,1
08272,4,4
08273,0,0
08274,0,0
08275,1,1
08276,4,4
08277,3,3
08278,1,1
08279,1,1
08280,6,6
08281,0,6
08282,0,0
08283,4,4
08284,0,0
08285,4,4
08286,4,4
08287,0,0
08288,1,1
08289,0,0
08290,6,6
08291,4,4
08292,2,2
08293,2,2
08294,0,0
08295,4,4
08296,1,1
08297,0,0
08298,0,0
08299,0,0
08300,5,3
08301,2,2
08302,4,4
08303,0,0
08304,2,2
08305,0,0
08306,4,0
08307,4,4
08308,6,6
08309,4,4
08310,0,0
08311,0,0
08312,5,6
08313,4,4
08314,5,6
08315,1,1
08316,2,2
08317,3,3
08318,3,2
08319,2,2
08320,0,0
08321,4,4
08322,5,5
08323,3,3
08324,2,2
08325,1,1
08326,0,0
08327,4,4
08328,2,1
08329,0,0
08330,1,1
08331,6,6
08332,1,0
08333,4,4
08334,4,4
08335,6,6
08336,3,3
08337,0,0
08338,5,1
08339,1,1
08340,6,6
08341,4,4
08342,4,4
08343,0,0
08344,3,6
08345,1,1
08346,3,3
08347,4,4
08348,1,1
08349,6,6
08350,2,2
08351,0,0
08352,4,4
08353,2,0
08354,2,2
08355,5,0
08356,1,1
08357,1,1
08358,0,0
08359,5,5
08360,4,4
08361,0,0
08362,1,0
08363,5,5
08364,0,0
08365,1,1
08366,0,0
08367,0,0
08368,0,0
08369,0,0
08370,6,6
08371,4,4
08372,6,5
08373,2,2
08374,2,2
08375,1,1
08376,1,0
08377,1,1
08378,0,3
08379,1,1
08380,2,2
08381,0,0
08382,6,6
08383,2,2
08384,2,2
08385,1,1
08386,1,1
08387,1,1
08388,1,1
08389,3,3
08390,5,5
08391,2,3
08392,0,0
08393,6,6
08394,2,2
08395,1,1
08396,1,1
08397,2,2
08398,0,0
08399,4,4
08400,4,4
08401,3,3
08402,3,3
08403,2,2
08404,1,0
08405,4,4
08406,2,2
08407,0,0
08408,3,3
08409,4,4
08410,1,1
08411,1,1
08412,2,2
08413,4,4
08414,0,0
08415,1,1
08416,0,0
08417,0,0
08418,3,3
08419,4,4
08420,1,1
08421,0,0
08422,1,0
08423,4,4
08424,1,1
08425,6,6
08426,0,0
08427,0,0
08428,0,0
08429,1,1
08430,3,3
08431,0,0
08432,2,3
08433,4,4
08434,4,4
08435,2,2
08436,6,6
08437,5,5
08438,0,0
08439,2,2
08440,0,0
08441,2,2
08442,0,1
08443,4,4
08444,4,4
08445,4,4
08446,0,0
08447,1,1
08448,1,1
08449,1,1
08450,4,4
08451,3,3
08452,2,2
08453,3,3
08454,3,3
08455,0,3
08456,1,1
08457,3,3
08458,1,1
08459,3,3
08460,3,3
08461,2,2
08462,4,4
08463,2,2
08464,6,5
08465,2,2
08466,0,0
08467,4,4
08468,1,1
08469,4,4
08470,4,4
08471,3,3
08472,2,3
08473,3,3
08474,2,2
08475,2,2
08476,2,2
08477,3,3
08478,1,1
08479,2,2
08480,4,4
08481,2,2
08482,4,4
08483,6,6
08484,4,4
08485,1,1
08486,0,0
08487,0,0
08488,0,0
08489,2,2
08490,4,4
08491,2,2
08492,0,0
08493,3,3
08494,0,0
08495,1,1
08496,5,2
08497,2,2
08498,1,1
08499,0,0
08500,0,0
08501,0,0
08502,2,2
08503,1,1
08504,1,1
08505,3,3
08506,4,4
08507,1,1
08508,3,3
08509,2,3
08510,1,1
08511,6,6
08512,3,3
08513,4,4
08514,2,2
08515,4,4
08516,4,6
08517,0,0
08518,1,1
08519,6,3
08520,2,1
08521,0,1
08522,6,2
08523,2,2
08524,2,4
08525,0,0
08526,4,4
08527,0,0
08528,0,0
08529,4,4
08530,3,3
08531,0,0
08532,4,4
08533,1,1
08534,2,2
08535,2,3
08536,4,4
08537,4,4
08538,2,2
08539,4,4
08540,2,2
08541,3,3
08542,3,3
08543,0,0
08544,2,2
08545,2,2
08546,3,3
08547,3,3
08548,3,3
08549,2,6
08550,5,5
08551,1,1
08552,0,0
08553,0,0
08554,2,2
08555,1,1
08556,0,0
08557,0,0
08558,5,5
08559,4,4
08560,2,2
08561,2,2
08562,1,1
08563,6,3
08564,1,1
08565,2,0
08566,1,1
08567,0,0
08568,6,4
08569,1,1
08570,4,4
08571,0,1
08572,4,4
08573,6,6
08574,3,3
08575,6,6
08576,2,2
08577,0,0
08578,3,3
08579,4,4
08580,5,6
08581,3,3
08582,4,0
08583,6,6
08584,4,4
08585,5,5
08586,5,5
08587,3,3
08588,0,0
08589,4,4
08590,2,2
08591,2,2
08592,1,1
08593,3,3
08594,0,0
08595,4,4
08596,2,2
08597,1,1
08598,0,0
08599,3,3
08600,0,0
08601,1,1
08602,0,2
08603,0,0
08604,1,1
08605,4,4
08606,0,0
08607,2,2
08608,0,0
08609,0,0
08610,3,3
08611,5,3
08612,0,0
08613,2,2
08614,6,6
08615,4,4
08616,4,4
08617,0,0
08618,3,3
08619,5,5
08620,1,1
08621,3,3
08622,2,2
08623,5,5
08624,0,0
08625,4,4
08626,3,3
08627,0,0
08628,6,6
08629,3,3
08630,3,3
08631,5,5
08632,2,3
08633,6,6
08634,2,3
08635,5,6
08636,0,0
08637,1,1
08638,1,1
08639,2,2
08640,6,5
08641,2,6
08642,1,1
08643,2,2
08644,0,0
08645,1,1
08646,1,1
08647,4,4
08648,0,3
08649,2,2
08650,0,1
08651,0,0
08652,1,1
08653,4,4
08654,0,0
08655,4,4
08656,2,3
08657,6,6
08658,6,6
08659,3,3
08660,3,3
08661,4,4
08662,0,1
08663,5,5
08664,3,3
08665,2,2
08666,4,4
08667,4,0
08668,1,1
08669,3,2
08670,2,2
08671,4,4
08672,1,1
08673,3,3
08674,0,0
08675,1,1
08676,0,0
08677,0,0
08678,1,1
08679,4,4
08680,3,3
08681,0,0
08682,4,4
08683,6,0
08684,1,1
08685,2,2
08686,5,5
08687,4,4
08688,3,3
08689,1,1
08690,3,3
08691,5,5
08692,3,3
08693,2,4
08694,2,2
08695,3,3
08696,1,1
08697,4,4
08698,2,2
08699,4,4
08700,0,0
08701,2,2
08702,2,2
08703,1,1
08704,0,0
08705,1,1
08706,0,4
08707,0,0
08708,5,5
08709,4,4
08710,3,3
08711,1,1
08712,4,4
08713,2,3
08714,4,4
08715,0,0
08716,4,4
08717,0,0
08718,1,1
08719,3,3
08720,1,1
08721,2,2
08722,4,4
08723,3,6
08724,0,0
08725,3,3
08726,1,1
08727,3,3
08728,2,2
08729,0,0
08730,1,1
08731,3,3
08732,1,3
08733,0,0
08734,0,0
08735,0,0
08736,0,0
08737,0,0
08738,4,4
08739,6,3
08740,3,3
08741,3,3
08742,3,3
08743,4,4
08744,0,0
08745,4,4
08746,6,6
08747,0,0
08748,1,1
08749,2,3
08750,4,4
08751,1,1
08752,3,3
08753,4,4
08754,0,1
08755,0,0
08756,3,3
08757,6,6
08758,4,4
08759,4,4
08760,2,2
08761,5,1
08762,6,2
08763,0,0
08764,2,2
08765,3,3
08766,1,1
08767,0,0
08768,1,1
08769,5,1
08770,5,5
08771,3,3
08772,0,0
08773,0,0
08774,4,4
08775,4,4
08776,0,2
08777,0,0
08778,0,0
08779,3,3
08780,1,1
08781,2,2
08782,5,5
08783,4,4
08784,4,4
08785,1,1
08786,1,1
08787,0,0
08788,0,0
08789,1,1
08790,2,2
08791,2,2
08792,1,1
08793,0,0
08794,3,2
08795,0,0
08796,3,3
08797,0,0
08798,5,3
08799,2,2
08800,4,4
08801,4,4
08802,0,0
08803,6,6
08804,3,2
08805,4,4
08806,4,4
08807,3,3
08808,0,0
08809,1,1
08810,4,4
08811,4,4
08812,4,4
08813,0,4
08814,2,2
08815,4,4
08816,1,1
08817,4,4
08818,6,6
08819,3,3
08820,4,4
08821,2,2
08822,2,2
08823,0,0
08824,0,0
08825,2,2
08826,4,4
08827,1,1
08828,1,1
08829,2,2
08830,2,2
08831,1,1
08832,4,4
08833,3,3
08834,1,1
08835,1,1
08836,0,0
08837,2,2
08838,2,2
08839,1,6
08840,2,2
08841,2,2
08842,3,3
08843,6,2
08844,3,3
08845,1,1
08846,0,0
08847,2,2
08848,3,3
08849,0,0
08850,2,2
08851,2,2
08852,6,6
08853,2,2
08854,3,3
08855,0,0
08856,1,0
08857,0,0
08858,1,1
08859,4,4
08860,1,1
08861,6,6
08862,2,2
08863,2,2
08864,1,1
08865,1,1
08866,0,1
08867,1,1
08868,3,3
08869,0,2
08870,1,1
08871,0,0
08872,1,1
08873,2,2
08874,3,3
08875,0,0
08876,2,2
08877,4,4
08878,1,1
08879,3,3
08880,0,0
08881,3,3
08882,4,4
08883,4,4
08884,0,0
08885,4,4
08886,4,4
08887,0,1
08888,2,2
08889,1,1
08890,1,3
08891,1,1
08892,0,1
08893,0,0
08894,0,0
08895,2,2
08896,1,1
08897,4,4
08898,5,5
08899,0,0
08900,0,0
08901,0,0
08902,0,0
08903,4,4
08904,4,4
08905,4,4
08906,0,0
08907,4,4
08908,1,1
08909,1,1
08910,2,2
08911,1,1
08912,1,1
08913,1,1
08914,4,4
08915,2,2
08916,0,0
08917,3,3
08918,1,1
08919,1,1
08920,4,4
08921,1,1
08922,1,1
08923,0,0
08924,3,3
08925,6,3
08926,1,3
08927,1,1
08928,1,1
08929,4,4
08930,2,2
08931,0,0
08932,1,1
08933,0,0
08934,4,4
08935,3,5
08936,0,0
08937,1,1
08938,2,2
08939,3,3
08940,0,0
08941,0,0
08942,1,1
08943,1,1
08944,5,5
08945,0,0
08946,2,2
08947,1,1
08948,1,1
08949,3,3
08950,1,1
08951,6,6
08952,4,4
08953,1,1
08954,4,4
08955,4,4
08956,3,3
08957,0,0
08958,4,4
08959,2,2
08960,4,4
08961,4,4
08962,2,2
08963,6,6
08964,0,0
08965,4,4
08966,0,0
08967,5,5
08968,2,2
08969,0,0
08970,0,0
08971,2,2
08972,1,0
08973,0,0
08974,2,2
08975,4,4
08976,1,1
08977,1,1
08978,1,1
08979,1,1
08980,6,5
08981,0,3
08982,2,2
08983,3,3
08984,0,0
08985,2,0
08986,2,0
08987,3,3
08988,4,4
08989,0,0
08990,2,2
08991,1,1
08992,2,2
08993,4,4
08994,3,3
08995,3,3
08996,4,4
08997,0,0
08998,4,4
08999,1,1
09000,2,2
09001,4,4
09002,4,4
09003,4,4
09004,0,0
09005,4,2
09006,4,4
09007,6,6
09008,1,1
09009,1,1
09010,3,3
09011,1,1
09012,0,0
09013,2,2
09014,4,4
09015,4,4
09016,2,2
09017,5,3
09018,3,3
09019,0,2
09020,3,3
09021,0,0
09022,0,0
09023,1,1
09024,2,2
09025,0,0
09026,2,6
09027,4,4
09028,0,0
09029,1,1
09030,4,4
09031,3,3
09032,3,3
09033,5,5
09034,2,6
09035,5,5
09036,0,0
09037,0,0
09038,0,0
09039,3,3
09040,4,4
09041,1,1
09042,2,2
09043,4,4
09044,1,1
09045,0,0
09046,1,1
09047,4,4
09048,1,1
09049,0,0
09050,3,3
09051,2,2
09052,4,4
09053,3,3
09054,1,1
09055,3,3
09056,2,1
09057,1,1
09058,0,0
09059,1,1
09060,3,3
09061,3,3
09062,4,4
09063,2,2
09064,0,0
09065,2,0
09066,0,0
09067,3,3
09068,3,3
09069,4,4
09070,3,3
09071,6,6
09072,0,0
09073,5,5
09074,6,6
09075,5,5
09076,0,0
09077,6,6
09078,4,4
09079,1,1
09080,2,2
09081,4,4
09082,0,0
09083,1,1
09084,5,5
09085,0,0
09086,0,0
09087,6,6
09088,0,0
09089,4,4
09090,6,1
09091,0,0
09092,3,3
09093,2,2
09094,3,3
09095,0,0
09096,3,3
09097,4,4
09098,2,2
09099,6,6
09100,3,3
09101,4,4
09102,2,2
09103,2,2
09104,6,6
09105,4,4
09106,0,0
09107,4,4
09108,3,3
09109,4,4
09110,4,4
09111,4,4
09112,2,2
09113,0,0
09114,1,1
09115,4,4
09116,0,0
09117,2,2
09118,3,2
09119,0,0
09120,4,4
09121,6,3
09122,4,4
09123,0,0
09124,1,1
09125,0,0
09126,5,5
09127,3,3
09128,3,3
09129,0,0
09130,3,3
09131,1,1
09132,4,0
09133,4,4
09134,3,3
09135,4,4
09136,3,3
09137,1,1
09138,0,0
09139,1,1
09140,4,4
09141,4,4
09142,3,3
09143,4,4
09144,4,4
09145,4,4
09146,2,2
09147,2,2
09148,5,5
09149,4,4
09150,6,6
09151,4,4
09152,6,6
09153,1,1
09154,5,6
09155,0,0
09156,2,2
09157,1,1
09158,0,0
09159,0,0
09160,2,3
09161,0,0
09162,2,2
09163,2,2
09164,1,1
09165,6,6
09166,4,4
09167,0,0
09168,3,3
09169,4,4
09170,0,0
09171,5,5
09172,0,1
09173,2,2
09174,4,4
09175,2,2
09176,2,2
09177,6,6
09178,4,4
09179,2,2
09180,1,1
09181,2,2
09182,6,6
09183,4,4
09184,0,0
09185,2,2
09186,1,1
09187,0,0
09188,3,3
09189,3,5
09190,0,1
09191,3,3
09192,0,0
09193,3,2
09194,4,4
09195,0,0
09196,1,1
09197,4,4
09198,4,4
09199,5,5
09200,0,0
09201,3,2
09202,3,3
09203,1,1
09204,6,3
09205,4,4
09206,3,3
09207,1,1
09208,6,3
09209,0,0
09210,3,3
09211,1,1
09212,1,0
09213,4,4
09214,0,0
09215,2,2
09216,0,0
09217,4,4
09218,6,3
09219,4,4
09220,2,3
09221,4,4
09222,6,6
09223,4,0
09224,3,3
09225,0,0
09226,4,4
09227,1,1
09228,1,1
09229,1,1
09230,1,1
09231,2,2
09232,1,1
09233,0,0
09234,0,0
09235,4,4
09236,2,2
09237,0,0
09238,1,1
09239,4,4
09240,3,3
09241,4,4
09242,0,0
09243,4,4
09244,1,1
09245,1,1
09246,3,3
09247,2,2
09248,3,3
09249,2,2
09250,3,3
09251,2,2
09252,4,4
09253,4,3
09254,3,3
09255,1,3
09256,0,0
09257,1,1
09258,4,4
09259,4,4
09260,4,4
09261,1,1
09262,0,0
09263,2,3
09264,1,1
09265,4,4
09266,5,6
09267,0,0
09268,1,1
09269,0,0
09270,4,4
09271,2,2
09272,3,3
09273,3,3
09274,1,1
09275,0,0
09276,1,4
09277,4,4
09278,2,2
09279,0,4
09280,4,4
09281,4,4
09282,1,0
09283,4,4
09284,1,1
09285,1,1
09286,0,0
09287,3,0
09288,0,0
09289,6,6
09290,0,0
09291,0,0
09292,2,2
09293,2,2
09294,4,4
09295,0,0
09296,2,2
09297,2,2
09298,1,1
09299,4,2
09300,2,2
09301,1,1
09302,0,0
09303,3,3
09304,0,0
09305,5,5
09306,6,3
09307,0,0
09308,1,1
09309,0,0
09310,1,1
09311,0,0
09312,1,1
09313,2,1
09314,6,6
09315,1,3
09316,0,0
09317,2,2
09318,3,2
09319,4,4
09320,5,5
09321,1,1
09322,1,1
09323,4,4
09324,0,0
09325,4,4
09326,1,1
09327,1,1
09328,1,1
09329,0,0
09330,2,2
09331,5,5
09332,3,3
09333,1,0
09334,3,3
09335,0,0
09336,0,0
09337,0,0
09338,1,1
09339,4,4
09340,3,3
09341,1,1
09342,6,6
09343,4,4
09344,3,2
09345,2,2
09346,4,4
09347,2,2
09348,2,2
09349,0,0
09350,2,2
09351,0,0
09352,4,4
09353,5,5
09354,4,4
09355,5,5
09356,4,4
09357,2,2
09358,1,1
09359,2,2
09360,4,4
09361,3,3
09362,5,5
09363,0,0
09364,3,3
09365,2,2
09366,0,0
09367,2,2
09368,1,1
09369,1,1
09370,4,4
09371,3,3
09372,3,3
09373,1,1
09374,4,4
09375,1,1
09376,2,3
09377,4,4
09378,5,5
09379,2,2
09380,0,0
09381,4,4
09382,0,0
09383,2,3
09384,4,4
09385,0,0
09386,1,1
09387,1,1
09388,2,2
09389,0,0
09390,2,2
09391,1,1
09392,1,1
09393,3,3
09394,1,1
09395,4,4
09396,0,1
09397,6,6
09398,1,1
09399,0,0
09400,1,0
09401,1,1
09402,3,3
09403,1,1
09404,3,3
09405,1,1
09406,1,1
09407,2,2
09408,5,5
09409,4,4
09410,0,0
09411,3,3
09412,0,0
09413,4,4
09414,1,1
09415,6,6
09416,0,0
09417,4,4
09418,3,3
09419,5,5
09420,4,4
09421,5,5
09422,0,0
09423,5,5
09424,0,0
09425,0,0
09426,0,0
09427,0,1
09428,3,3
09429,5,5
09430,5,6
09431,2,2
09432,2,2
09433,0,1
09434,2,2
09435,2,2
09436,1,1
09437,2,2
09438,2,2
09439,0,0
09440,6,6
09441,4,4
09442,4,4
09443,1,1
09444,4,4
09445,4,4
09446,4,4
09447,0,1
09448,2,3
09449,4,0
09450,0,0
09451,4,4
09452,2,6
09453,0,0
09454,2,2
09455,1,1
09456,3,3
09457,0,0
09458,5,5
09459,1,1
09460,1,1
09461,4,4
09462,0,0
09463,3,3
09464,2,2
09465,3,3
09466,1,1
09467,0,0
09468,1,1
09469,3,3
09470,0,0
09471,3,3
09472,0,0
09473,1,1
09474,4,4
09475,0,0
09476,1,1
09477,4,4
09478,2,2
09479,1,1
09480,3,3
09481,1,1
09482,2,2
09483,5,0
09484,3,3
09485,2,2
09486,0,0
09487,6,6
09488,2,2
09489,3,2
09490,1,1
09491,0,0
09492,0,0
09493,3,3
09494,1,1
09495,3,3
09496,5,1
09497,4,4
09498,3,3
09499,3,3
09500,4,4
09501,2,3
09502,0,0
09503,2,2
09504,3,3
09505,4,4
09506,1,1
09507,0,0
09508,4,4
09509,2,2
09510,0,0
09511,1,1
09512,3,3
09513,1,1
09514,3,3
09515,0,0
09516,2,5
09517,3,6
09518,6,6
09519,5,5
09520,2,2
09521,2,2
09522,1,0
09523,1,1
09524,1,0
09525,5,5
09526,5,5
09527,2,2
09528,4,4
09529,4,4
09530,0,3
09531,0,3
09532,2,2
09533,4,4
09534,3,3
09535,4,4
09536,1,1
09537,0,0
09538,0,2
09539,5,5
09540,1,1
09541,1,1
09542,4,4
09543,0,0
09544,3,3
09545,1,1
09546,1,1
09547,0,0
09548,0,0
09549,3,3
09550,4,4
09551,0,0
09552,0,0
09553,0,0
09554,1,1
09555,0,0
09556,1,1
09557,4,4
09558,3,3
09559,4,4
09560,0,0
09561,4,4
09562,5,6
09563,2,2
09564,2,2
09565,3,3
09566,0,0
09567,3,3
09568,1,1
09569,0,0
09570,2,2
09571,4,4
09572,3,3
09573,0,0
09574,2,2
09575,5,6
09576,4,4
09577,6,6
09578,4,4
09579,1,1
09580,4,4
09581,3,3
09582,2,2
09583,3,2
09584,3,6
09585,4,4
09586,3,3
09587,2,2
09588,6,6
09589,4,4
09590,2,0
09591,4,4
09592,0,0
09593,0,0
09594,1,1
09595,1,1
09596,4,4
09597,4,4
09598,1,1
09599,3,3
09600,5,6
09601,0,0
09602,3,3
09603,6,5
09604,4,4
09605,4,4
09606,4,4
09607,2,2
09608,2,2
09609,4,4
09610,4,4
09611,6,6
09612,0,0
09613,0,0
09614,4,4
09615,0,0
09616,6,3
09617,4,4
09618,2,2
09619,3,3
09620,4,4
09621,3,3
09622,0,0
09623,3,3
09624,1,1
09625,1,1
09626,4,4
09627,2,2
09628,1,1
09629,1,1
09630,4,4
09631,1,1
09632,3,3
09633,2,2
09634,1,1
09635,6,6
09636,3,3
09637,1,4
09638,1,1
09639,4,4
09640,2,2
09641,0,0
09642,0,0
09643,1,1
09644,2,2
09645,0,0
09646,3,3
09647,4,4
09648,4,4
09649,3,6
09650,2,3
09651,0,0
09652,2,2
09653,2,2
09654,4,4
09655,5,5
09656,4,4
09657,2,2
09658,3,3
09659,3,3
09660,4,4
09661,6,6
09662,2,2
09663,1,1
09664,2,0
09665,2,2
09666,1,1
09667,0,0
09668,1,1
09669,0,0
09670,3,3
09671,1,1
09672,2,2
09673,1,0
09674,2,2
09675,6,6
09676,1,1
09677,1,1
09678,0,0
09679,1,1
09680,3,3
09681,1,1
09682,0,0
09683,3,3
09684,3,3
09685,4,4
09686,6,6
09687,0,0
09688,4,0
09689,2,2
09690,4,4
09691,3,3
09692,3,3
09693,2,2
09694,4,4
09695,0,0
09696,3,3
09697,4,0
09698,2,2
09699,5,6
09700,0,0
09701,4,4
09702,0,0
09703,3,3
09704,3,3
09705,4,4
09706,2,2
09707,2,2
09708,2,2
09709,6,6
09710,2,2
09711,2,2
09712,3,3
09713,1,1
09714,1,3
09715,2,2
09716,1,1
09717,1,1
09718,6,6
09719,2,2
09720,1,1
09721,3,6
09722,4,4
09723,3,3
09724,2,2
09725,2,2
09726,3,3
09727,3,3
09728,1,1
09729,1,1
09730,6,6
09731,1,1
09732,3,3
09733,3,3
09734,0,0
09735,3,3
09736,4,4
09737,1,1
09738,2,2
09739,6,2
09740,1,1
09741,6,6
09742,5,6
09743,1,1
09744,0,0
09745,2,2
09746,4,4
09747,3,2
09748,5,5
09749,5,6
09750,3,3
09751,2,3
09752,4,4
09753,4,4
09754,0,0
09755,1,1
09756,2,2
09757,1,1
09758,4,4
09759,2,2
09760,0,0
09761,0,0
09762,2,2
09763,4,4
09764,4,4
09765,2,2
09766,4,4
09767,3,3
09768,3,2
09769,2,2
09770,2,3
09771,4,4
09772,4,4
09773,3,2
09774,6,5
09775,5,5
09776,1,1
09777,1,1
09778,1,1
09779,0,0
09780,2,2
09781,2,3
09782,0,0
09783,4,4
09784,2,2
09785,2,2
09786,4,4
09787,2,2
09788,6,6
09789,1,1
09790,2,3
09791,2,2
09792,3,3
09793,6,3
09794,3,3
09795,1,1
09796,3,3
09797,4,4
09798,1,1
09799,0,0
09800,1,1
09801,4,4
09802,5,5
09803,1,1
09804,1,1
09805,3,3
09806,2,3
09807,5,5
09808,3,3
09809,2,2
09810,0,0
09811,2,2
09812,0,0
09813,0,0
09814,5,1
09815,4,4
09816,3,3
09817,1,1
09818,2,2
09819,0,0
09820,3,3
09821,3,3
09822,4,4
09823,2,2
09824,3,3
09825,0,0
09826,4,4
09827,0,0
09828,4,4
09829,5,5
09830,1,1
09831,0,0
09832,3,3
09833,0,0
09834,2,2
09835,2,2
09836,4,4
09837,2,2
09838,1,1
09839,3,3
09840,5,5
09841,1,1
09842,5,5
09843,4,4
09844,4,4
09845,4,4
09846,3,3
09847,5,0
09848,0,0
09849,4,4
09850,0,0
09851,4,4
09852,6,6
09853,1,1
09854,2,2
09855,2,2
09856,0,0
09857,3,3
09858,5,5
09859,4,4
09860,6,6
09861,0,0
09862,3,3
09863,1,1
09864,1,1
09865,4,4
09866,1,1
09867,4,4
09868,4,4
09869,1,1
09870,0,1
09871,0,0
09872,4,4
09873,2,2
09874,1,1
09875,3,0
09876,2,2
09877,0,0
09878,1,1
09879,4,4
